24.01.2020 15:36;0000002465048694;9283440300095859;2025703644;13718;100.00;0.00;0.00;0.00;100.00;0.00;100.00;0.00;0.00;Приход;Упрощенная Доход.
24.01.2020 15:13;0000002465048694;9283440300095859;226294525;13717;130.00;0.00;0.00;0.00;0.00;130.00;130.00;0.00;0.00;Приход;Упрощенная Доход.
24.01.2020 15:11;0000002465048694;9283440300095859;1388518048;13716;180.00;0.00;0.00;0.00;0.00;180.00;180.00;0.00;0.00;Приход;Упрощенная Доход.
24.01.2020 15:07;0000002465048694;9283440300095859;3187906942;13715;135.00;0.00;0.00;0.00;0.00;135.00;135.00;0.00;0.00;Приход;Упрощенная Доход.
24.01.2020 15:05;0000002465048694;9283440300095859;1783147241;13714;130.00;0.00;0.00;0.00;0.00;130.00;130.00;0.00;0.00;Приход;Упрощенная Доход.
24.01.2020 15:05;0000002465048694;9283440300095859;2865142461;13713;130.00;0.00;0.00;0.00;0.00;130.00;130.00;0.00;0.00;Приход;Упрощенная Доход.
24.01.2020 14:55;0000002465048694;9283440300095859;138838296;13712;160.00;0.00;0.00;0.00;0.00;160.00;160.00;0.00;0.00;Приход;Упрощенная Доход.
24.01.2020 14:51;0000002465048694;9283440300095859;310904367;13711;200.00;0.00;0.00;0.00;0.00;200.00;200.00;0.00;0.00;Приход;Упрощенная Доход.
24.01.2020 14:30;0000002465048694;9283440300095859;924963767;13710;200.00;0.00;0.00;0.00;200.00;0.00;200.00;0.00;0.00;Приход;Упрощенная Доход.
24.01.2020 14:25;0000002465048694;9283440300095859;1156177835;13709;160.00;0.00;0.00;0.00;160.00;0.00;160.00;0.00;0.00;Приход;Упрощенная Доход.
24.01.2020 14:16;0000002465048694;9283440300095859;4271592398;13708;130.00;0.00;0.00;0.00;0.00;130.00;130.00;0.00;0.00;Приход;Упрощенная Доход.
24.01.2020 14:14;0000002465048694;9283440300095859;2423637548;13707;190.00;0.00;0.00;0.00;0.00;190.00;190.00;0.00;0.00;Приход;Упрощенная Доход.
24.01.2020 14:12;0000002465048694;9283440300095859;526638067;13706;130.00;0.00;0.00;0.00;0.00;130.00;130.00;0.00;0.00;Приход;Упрощенная Доход.
24.01.2020 14:11;0000002465048694;9283440300095859;3194793332;13705;200.00;0.00;0.00;0.00;200.00;0.00;200.00;0.00;0.00;Приход;Упрощенная Доход.
24.01.2020 14:06;0000002465048694;9283440300095859;1594306233;13704;150.00;0.00;0.00;0.00;150.00;0.00;150.00;0.00;0.00;Приход;Упрощенная Доход.
24.01.2020 14:03;0000002465048694;9283440300095859;2651721901;13703;100.00;0.00;0.00;0.00;0.00;100.00;100.00;0.00;0.00;Приход;Упрощенная Доход.
24.01.2020 13:57;0000002465048694;9283440300095859;1259455573;13702;75.00;0.00;0.00;0.00;0.00;75.00;75.00;0.00;0.00;Приход;Упрощенная Доход.
24.01.2020 13:56;0000002465048694;9283440300095859;4116882910;13701;130.00;0.00;0.00;0.00;0.00;130.00;130.00;0.00;0.00;Приход;Упрощенная Доход.
24.01.2020 13:43;0000002465048694;9283440300095859;2603689569;13700;160.00;0.00;0.00;0.00;0.00;160.00;160.00;0.00;0.00;Приход;Упрощенная Доход.
24.01.2020 13:41;0000002465048694;9283440300095859;423178396;13699;130.00;0.00;0.00;0.00;0.00;130.00;130.00;0.00;0.00;Приход;Упрощенная Доход.
24.01.2020 12:01;0000002465048694;9283440300095859;572622722;13698;160.00;0.00;0.00;0.00;0.00;160.00;160.00;0.00;0.00;Приход;Упрощенная Доход.
24.01.2020 12:00;0000002465048694;9283440300095859;2397184562;13697;190.00;0.00;0.00;0.00;0.00;190.00;190.00;0.00;0.00;Приход;Упрощенная Доход.
24.01.2020 11:55;0000002465048694;9283440300095859;16223896;13696;130.00;0.00;0.00;0.00;130.00;0.00;130.00;0.00;0.00;Приход;Упрощенная Доход.
24.01.2020 11:36;0000002465048694;9283440300095859;729031200;13695;320.00;0.00;0.00;0.00;320.00;0.00;320.00;0.00;0.00;Приход;Упрощенная Доход.
24.01.2020 11:19;0000002465048694;9283440300095859;3405236347;13694;160.00;0.00;0.00;0.00;0.00;160.00;160.00;0.00;0.00;Приход;Упрощенная Доход.
24.01.2020 11:17;0000002465048694;9283440300095859;271943928;13693;280.00;0.00;0.00;0.00;0.00;280.00;280.00;0.00;0.00;Приход;Упрощенная Доход.
24.01.2020 11:08;0000002465048694;9283440300095859;2891215825;13692;195.00;0.00;0.00;0.00;0.00;195.00;195.00;0.00;0.00;Приход;Упрощенная Доход.
24.01.2020 11:05;0000002465048694;9283440300095859;3011703654;13691;190.00;0.00;0.00;0.00;0.00;190.00;190.00;0.00;0.00;Приход;Упрощенная Доход.
24.01.2020 11:04;0000002465048694;9283440300095859;2870789137;13690;160.00;0.00;0.00;0.00;0.00;160.00;160.00;0.00;0.00;Приход;Упрощенная Доход.
24.01.2020 11:02;0000002465048694;9283440300095859;135453116;13689;210.00;0.00;0.00;0.00;0.00;210.00;210.00;0.00;0.00;Приход;Упрощенная Доход.
24.01.2020 11:00;0000002465048694;9283440300095859;4223360901;13688;220.00;0.00;0.00;0.00;220.00;0.00;220.00;0.00;0.00;Приход;Упрощенная Доход.
24.01.2020 10:58;0000002465048694;9283440300095859;1940849422;13687;75.00;0.00;0.00;0.00;0.00;75.00;75.00;0.00;0.00;Приход;Упрощенная Доход.
24.01.2020 10:58;0000002465048694;9283440300095859;1160951586;13686;75.00;0.00;0.00;0.00;0.00;75.00;75.00;0.00;0.00;Приход;Упрощенная Доход.
24.01.2020 10:58;0000002465048694;9283440300095859;2299143570;13685;75.00;0.00;0.00;0.00;0.00;75.00;75.00;0.00;0.00;Приход;Упрощенная Доход.
24.01.2020 10:55;0000002465048694;9283440300095859;3038556862;13684;195.00;0.00;0.00;0.00;0.00;195.00;195.00;0.00;0.00;Приход;Упрощенная Доход.
24.01.2020 10:50;0000002465048694;9283440300095859;1673716309;13683;240.00;0.00;0.00;0.00;0.00;240.00;240.00;0.00;0.00;Приход;Упрощенная Доход.
24.01.2020 10:37;0000002465048694;9283440300095859;4166320526;13682;260.00;0.00;0.00;0.00;0.00;260.00;260.00;0.00;0.00;Приход;Упрощенная Доход.
24.01.2020 10:25;0000002465048694;9283440300095859;2509467224;13681;130.00;0.00;0.00;0.00;0.00;130.00;130.00;0.00;0.00;Приход;Упрощенная Доход.
24.01.2020 10:23;0000002465048694;9283440300095859;2999309154;13680;90.00;0.00;0.00;0.00;0.00;90.00;90.00;0.00;0.00;Приход;Упрощенная Доход.
24.01.2020 10:15;0000002465048694;9283440300095859;1182259060;13679;75.00;0.00;0.00;0.00;0.00;75.00;75.00;0.00;0.00;Приход;Упрощенная Доход.
24.01.2020 10:12;0000002465048694;9283440300095859;3209224667;13678;160.00;0.00;0.00;0.00;0.00;160.00;160.00;0.00;0.00;Приход;Упрощенная Доход.
24.01.2020 10:07;0000002465048694;9283440300095859;1971873034;13677;390.00;0.00;0.00;0.00;0.00;390.00;390.00;0.00;0.00;Приход;Упрощенная Доход.
24.01.2020 09:57;0000002465048694;9283440300095859;861980755;13676;130.00;0.00;0.00;0.00;0.00;130.00;130.00;0.00;0.00;Приход;Упрощенная Доход.
24.01.2020 09:55;0000002465048694;9283440300095859;1568879354;13675;175.00;0.00;0.00;0.00;0.00;175.00;175.00;0.00;0.00;Приход;Упрощенная Доход.
24.01.2020 09:48;0000002465048694;9283440300095859;1826605503;13674;90.00;0.00;0.00;0.00;0.00;90.00;90.00;0.00;0.00;Приход;Упрощенная Доход.
24.01.2020 09:45;0000002465048694;9283440300095859;3107915215;13673;150.00;0.00;0.00;0.00;0.00;150.00;150.00;0.00;0.00;Приход;Упрощенная Доход.
24.01.2020 09:39;0000002465048694;9283440300095859;3812622996;13672;175.00;0.00;0.00;0.00;0.00;175.00;175.00;0.00;0.00;Приход;Упрощенная Доход.
24.01.2020 09:34;0000002465048694;9283440300095859;4057570746;13671;90.00;0.00;0.00;0.00;0.00;90.00;90.00;0.00;0.00;Приход;Упрощенная Доход.
24.01.2020 09:29;0000002465048694;9283440300095859;684461281;13670;320.00;0.00;0.00;0.00;0.00;320.00;320.00;0.00;0.00;Приход;Упрощенная Доход.
24.01.2020 09:25;0000002465048694;9283440300095859;1279688309;13669;150.00;0.00;0.00;0.00;0.00;150.00;150.00;0.00;0.00;Приход;Упрощенная Доход.
24.01.2020 09:23;0000002465048694;9283440300095859;924697973;13668;130.00;0.00;0.00;0.00;0.00;130.00;130.00;0.00;0.00;Приход;Упрощенная Доход.
24.01.2020 09:21;0000002465048694;9283440300095859;2199912863;13667;130.00;0.00;0.00;0.00;0.00;130.00;130.00;0.00;0.00;Приход;Упрощенная Доход.
24.01.2020 09:14;0000002465048694;9283440300095859;3143420219;13666;160.00;0.00;0.00;0.00;0.00;160.00;160.00;0.00;0.00;Приход;Упрощенная Доход.
24.01.2020 09:02;0000002465048694;9283440300095859;4038770029;13665;150.00;0.00;0.00;0.00;0.00;150.00;150.00;0.00;0.00;Приход;Упрощенная Доход.
24.01.2020 09:00;0000002465048694;9283440300095859;2794195950;13664;130.00;0.00;0.00;0.00;0.00;130.00;130.00;0.00;0.00;Приход;Упрощенная Доход.
24.01.2020 08:52;0000002465048694;9283440300095859;1034385562;13663;100.00;0.00;0.00;0.00;0.00;100.00;100.00;0.00;0.00;Приход;Упрощенная Доход.
24.01.2020 08:52;0000002465048694;9283440300095859;2493284259;13662;180.00;0.00;0.00;0.00;0.00;180.00;180.00;0.00;0.00;Приход;Упрощенная Доход.
24.01.2020 08:50;0000002465048694;9283440300095859;1650676333;13661;180.00;0.00;0.00;0.00;0.00;180.00;180.00;0.00;0.00;Приход;Упрощенная Доход.
24.01.2020 08:48;0000002465048694;9283440300095859;1739245558;13660;150.00;0.00;0.00;0.00;0.00;150.00;150.00;0.00;0.00;Приход;Упрощенная Доход.
24.01.2020 08:43;0000002465048694;9283440300095859;393343246;13659;180.00;0.00;0.00;0.00;0.00;180.00;180.00;0.00;0.00;Приход;Упрощенная Доход.
24.01.2020 08:40;0000002465048694;9283440300095859;2242962692;13658;150.00;0.00;0.00;0.00;150.00;0.00;150.00;0.00;0.00;Приход;Упрощенная Доход.
24.01.2020 08:34;0000002465048694;9283440300095859;816312993;13657;180.00;0.00;0.00;0.00;0.00;180.00;180.00;0.00;0.00;Приход;Упрощенная Доход.
24.01.2020 08:27;0000002465048694;9283440300095859;641135346;13656;180.00;0.00;0.00;0.00;180.00;0.00;180.00;0.00;0.00;Приход;Упрощенная Доход.
24.01.2020 08:22;0000002465048694;9283440300095859;3919138192;13655;75.00;0.00;0.00;0.00;0.00;75.00;75.00;0.00;0.00;Приход;Упрощенная Доход.
24.01.2020 08:21;0000002465048694;9283440300095859;2527648202;13654;160.00;0.00;0.00;0.00;0.00;160.00;160.00;0.00;0.00;Приход;Упрощенная Доход.
24.01.2020 08:14;0000002465048694;9283440300095859;2184081107;13653;90.00;0.00;0.00;0.00;0.00;90.00;90.00;0.00;0.00;Приход;Упрощенная Доход.
23.01.2020 15:37;0000002465048694;9283440300095859;3880158570;13650;130.00;0.00;0.00;0.00;0.00;130.00;130.00;0.00;0.00;Приход;Упрощенная Доход.
23.01.2020 15:35;0000002465048694;9283440300095859;1807758752;13649;130.00;0.00;0.00;0.00;0.00;130.00;130.00;0.00;0.00;Приход;Упрощенная Доход.
23.01.2020 15:33;0000002465048694;9283440300095859;3116801163;13648;130.00;0.00;0.00;0.00;0.00;130.00;130.00;0.00;0.00;Приход;Упрощенная Доход.
23.01.2020 15:32;0000002465048694;9283440300095859;3423767211;13647;180.00;0.00;0.00;0.00;0.00;180.00;180.00;0.00;0.00;Приход;Упрощенная Доход.
23.01.2020 15:21;0000002465048694;9283440300095859;1101879005;13646;165.00;0.00;0.00;0.00;0.00;165.00;165.00;0.00;0.00;Приход;Упрощенная Доход.
23.01.2020 15:11;0000002465048694;9283440300095859;1198544455;13645;145.00;0.00;0.00;0.00;0.00;145.00;145.00;0.00;0.00;Приход;Упрощенная Доход.
23.01.2020 14:54;0000002465048694;9283440300095859;3511772714;13644;255.00;0.00;0.00;0.00;0.00;255.00;255.00;0.00;0.00;Приход;Упрощенная Доход.
23.01.2020 14:54;0000002465048694;9283440300095859;717802605;13643;375.00;0.00;0.00;0.00;0.00;375.00;375.00;0.00;0.00;Приход;Упрощенная Доход.
23.01.2020 14:42;0000002465048694;9283440300095859;1757778979;13642;180.00;0.00;0.00;0.00;0.00;180.00;180.00;0.00;0.00;Приход;Упрощенная Доход.
23.01.2020 14:33;0000002465048694;9283440300095859;4190104293;13641;205.00;0.00;0.00;0.00;205.00;0.00;205.00;0.00;0.00;Приход;Упрощенная Доход.
23.01.2020 14:29;0000002465048694;9283440300095859;2836930915;13640;75.00;0.00;0.00;0.00;0.00;75.00;75.00;0.00;0.00;Приход;Упрощенная Доход.
23.01.2020 14:14;0000002465048694;9283440300095859;427865261;13639;160.00;0.00;0.00;0.00;0.00;160.00;160.00;0.00;0.00;Приход;Упрощенная Доход.
23.01.2020 13:46;0000002465048694;9283440300095859;3207405062;13638;130.00;0.00;0.00;0.00;0.00;130.00;130.00;0.00;0.00;Приход;Упрощенная Доход.
23.01.2020 13:42;0000002465048694;9283440300095859;585131543;13637;305.00;0.00;0.00;0.00;305.00;0.00;305.00;0.00;0.00;Приход;Упрощенная Доход.
23.01.2020 13:19;0000002465048694;9283440300095859;265592112;13636;180.00;0.00;0.00;0.00;0.00;180.00;180.00;0.00;0.00;Приход;Упрощенная Доход.
23.01.2020 11:59;0000002465048694;9283440300095859;2851146318;13635;75.00;0.00;0.00;0.00;0.00;75.00;75.00;0.00;0.00;Приход;Упрощенная Доход.
23.01.2020 11:49;0000002465048694;9283440300095859;919844886;13634;130.00;0.00;0.00;0.00;0.00;130.00;130.00;0.00;0.00;Приход;Упрощенная Доход.
23.01.2020 11:23;0000002465048694;9283440300095859;1485448440;13633;130.00;0.00;0.00;0.00;0.00;130.00;130.00;0.00;0.00;Приход;Упрощенная Доход.
23.01.2020 11:22;0000002465048694;9283440300095859;4157013286;13632;160.00;0.00;0.00;0.00;0.00;160.00;160.00;0.00;0.00;Приход;Упрощенная Доход.
23.01.2020 11:15;0000002465048694;9283440300095859;2395111405;13631;175.00;0.00;0.00;0.00;0.00;175.00;175.00;0.00;0.00;Приход;Упрощенная Доход.
23.01.2020 11:11;0000002465048694;9283440300095859;3324090434;13630;130.00;0.00;0.00;0.00;0.00;130.00;130.00;0.00;0.00;Приход;Упрощенная Доход.
23.01.2020 11:08;0000002465048694;9283440300095859;3962666076;13629;260.00;0.00;0.00;0.00;0.00;260.00;260.00;0.00;0.00;Приход;Упрощенная Доход.
23.01.2020 10:54;0000002465048694;9283440300095859;2994308798;13628;130.00;0.00;0.00;0.00;0.00;130.00;130.00;0.00;0.00;Приход;Упрощенная Доход.
23.01.2020 10:49;0000002465048694;9283440300095859;1252163455;13627;195.00;0.00;0.00;0.00;0.00;195.00;195.00;0.00;0.00;Приход;Упрощенная Доход.
23.01.2020 10:46;0000002465048694;9283440300095859;426536079;13626;75.00;0.00;0.00;0.00;75.00;0.00;75.00;0.00;0.00;Приход;Упрощенная Доход.
23.01.2020 10:39;0000002465048694;9283440300095859;3564369103;13625;90.00;0.00;0.00;0.00;0.00;90.00;90.00;0.00;0.00;Приход;Упрощенная Доход.
23.01.2020 10:37;0000002465048694;9283440300095859;2872117257;13624;260.00;0.00;0.00;0.00;0.00;260.00;260.00;0.00;0.00;Приход;Упрощенная Доход.
23.01.2020 10:27;0000002465048694;9283440300095859;2760666683;13623;190.00;0.00;0.00;0.00;0.00;190.00;190.00;0.00;0.00;Приход;Упрощенная Доход.
23.01.2020 10:18;0000002465048694;9283440300095859;2298150371;13622;160.00;0.00;0.00;0.00;0.00;160.00;160.00;0.00;0.00;Приход;Упрощенная Доход.
23.01.2020 10:14;0000002465048694;9283440300095859;1831122060;13621;160.00;0.00;0.00;0.00;0.00;160.00;160.00;0.00;0.00;Приход;Упрощенная Доход.
23.01.2020 10:14;0000002465048694;9283440300095859;3971071680;13620;90.00;0.00;0.00;0.00;0.00;90.00;90.00;0.00;0.00;Приход;Упрощенная Доход.
23.01.2020 10:04;0000002465048694;9283440300095859;1744904800;13619;130.00;0.00;0.00;0.00;0.00;130.00;130.00;0.00;0.00;Приход;Упрощенная Доход.
23.01.2020 10:00;0000002465048694;9283440300095859;2078028393;13618;90.00;0.00;0.00;0.00;0.00;90.00;90.00;0.00;0.00;Приход;Упрощенная Доход.
23.01.2020 09:53;0000002465048694;9283440300095859;3010642712;13617;130.00;0.00;0.00;0.00;0.00;130.00;130.00;0.00;0.00;Приход;Упрощенная Доход.
23.01.2020 09:50;0000002465048694;9283440300095859;1924591850;13616;90.00;0.00;0.00;0.00;0.00;90.00;90.00;0.00;0.00;Приход;Упрощенная Доход.
23.01.2020 09:43;0000002465048694;9283440300095859;1651320346;13615;150.00;0.00;0.00;0.00;0.00;150.00;150.00;0.00;0.00;Приход;Упрощенная Доход.
23.01.2020 09:40;0000002465048694;9283440300095859;1938294339;13614;160.00;0.00;0.00;0.00;0.00;160.00;160.00;0.00;0.00;Приход;Упрощенная Доход.
23.01.2020 09:38;0000002465048694;9283440300095859;315950171;13613;160.00;0.00;0.00;0.00;0.00;160.00;160.00;0.00;0.00;Приход;Упрощенная Доход.
23.01.2020 09:36;0000002465048694;9283440300095859;4076818821;13612;150.00;0.00;0.00;0.00;0.00;150.00;150.00;0.00;0.00;Приход;Упрощенная Доход.
23.01.2020 09:34;0000002465048694;9283440300095859;4109229972;13611;200.00;0.00;0.00;0.00;0.00;200.00;200.00;0.00;0.00;Приход;Упрощенная Доход.
23.01.2020 09:28;0000002465048694;9283440300095859;1232850179;13610;160.00;0.00;0.00;0.00;0.00;160.00;160.00;0.00;0.00;Приход;Упрощенная Доход.
23.01.2020 09:26;0000002465048694;9283440300095859;3725908937;13609;240.00;0.00;0.00;0.00;0.00;240.00;240.00;0.00;0.00;Приход;Упрощенная Доход.
23.01.2020 09:20;0000002465048694;9283440300095859;68372648;13608;420.00;0.00;0.00;0.00;0.00;420.00;420.00;0.00;0.00;Приход;Упрощенная Доход.
23.01.2020 09:18;0000002465048694;9283440300095859;2336819623;13607;90.00;0.00;0.00;0.00;0.00;90.00;90.00;0.00;0.00;Приход;Упрощенная Доход.
23.01.2020 09:15;0000002465048694;9283440300095859;853716445;13606;60.00;0.00;0.00;0.00;0.00;60.00;60.00;0.00;0.00;Приход;Упрощенная Доход.
23.01.2020 09:11;0000002465048694;9283440300095859;1082721445;13605;160.00;0.00;0.00;0.00;0.00;160.00;160.00;0.00;0.00;Приход;Упрощенная Доход.
23.01.2020 09:08;0000002465048694;9283440300095859;1864586198;13604;295.00;0.00;0.00;0.00;0.00;295.00;295.00;0.00;0.00;Приход;Упрощенная Доход.
23.01.2020 09:05;0000002465048694;9283440300095859;3538822585;13603;130.00;0.00;0.00;0.00;0.00;130.00;130.00;0.00;0.00;Приход;Упрощенная Доход.
23.01.2020 09:02;0000002465048694;9283440300095859;1107439031;13602;160.00;0.00;0.00;0.00;160.00;0.00;160.00;0.00;0.00;Приход;Упрощенная Доход.
23.01.2020 09:00;0000002465048694;9283440300095859;3501934614;13601;100.00;0.00;0.00;0.00;0.00;100.00;100.00;0.00;0.00;Приход;Упрощенная Доход.
23.01.2020 09:00;0000002465048694;9283440300095859;3776789531;13600;75.00;0.00;0.00;0.00;0.00;75.00;75.00;0.00;0.00;Приход;Упрощенная Доход.
23.01.2020 08:59;0000002465048694;9283440300095859;2314229690;13599;75.00;0.00;0.00;0.00;0.00;75.00;75.00;0.00;0.00;Приход;Упрощенная Доход.
23.01.2020 08:59;0000002465048694;9283440300095859;2703956869;13598;150.00;0.00;0.00;0.00;0.00;150.00;150.00;0.00;0.00;Приход;Упрощенная Доход.
23.01.2020 08:57;0000002465048694;9283440300095859;4177563985;13597;130.00;0.00;0.00;0.00;0.00;130.00;130.00;0.00;0.00;Приход;Упрощенная Доход.
23.01.2020 08:57;0000002465048694;9283440300095859;800995735;13596;130.00;0.00;0.00;0.00;0.00;130.00;130.00;0.00;0.00;Приход;Упрощенная Доход.
23.01.2020 08:51;0000002465048694;9283440300095859;4285539877;13595;160.00;0.00;0.00;0.00;0.00;160.00;160.00;0.00;0.00;Приход;Упрощенная Доход.
23.01.2020 08:50;0000002465048694;9283440300095859;2774943157;13594;395.00;0.00;0.00;0.00;0.00;395.00;395.00;0.00;0.00;Приход;Упрощенная Доход.
23.01.2020 08:49;0000002465048694;9283440300095859;1921726848;13593;180.00;0.00;0.00;0.00;0.00;180.00;180.00;0.00;0.00;Приход;Упрощенная Доход.
23.01.2020 08:47;0000002465048694;9283440300095859;3188072808;13592;205.00;0.00;0.00;0.00;0.00;205.00;205.00;0.00;0.00;Приход;Упрощенная Доход.
23.01.2020 08:39;0000002465048694;9283440300095859;2955602173;13591;335.00;0.00;0.00;0.00;0.00;335.00;335.00;0.00;0.00;Приход;Упрощенная Доход.
23.01.2020 08:32;0000002465048694;9283440300095859;2460871758;13590;175.00;0.00;0.00;0.00;0.00;175.00;175.00;0.00;0.00;Приход;Упрощенная Доход.
23.01.2020 08:30;0000002465048694;9283440300095859;3660612010;13589;50.00;0.00;0.00;0.00;50.00;0.00;50.00;0.00;0.00;Приход;Упрощенная Доход.
22.01.2020 15:35;0000002465048694;9283440300095859;3221013237;13586;480.00;0.00;0.00;0.00;480.00;0.00;480.00;0.00;0.00;Приход;Упрощенная Доход.
22.01.2020 15:16;0000002465048694;9283440300095859;1315688320;13585;295.00;0.00;0.00;0.00;0.00;295.00;295.00;0.00;0.00;Приход;Упрощенная Доход.
22.01.2020 15:10;0000002465048694;9283440300095859;3271476558;13584;200.00;0.00;0.00;0.00;0.00;200.00;200.00;0.00;0.00;Приход;Упрощенная Доход.
22.01.2020 14:40;0000002465048694;9283440300095859;2383684756;13583;150.00;0.00;0.00;0.00;150.00;0.00;150.00;0.00;0.00;Приход;Упрощенная Доход.
22.01.2020 14:40;0000002465048694;9283440300095859;2531413448;13582;130.00;0.00;0.00;0.00;0.00;130.00;130.00;0.00;0.00;Приход;Упрощенная Доход.
22.01.2020 14:35;0000002465048694;9283440300095859;933397614;13581;130.00;0.00;0.00;0.00;0.00;130.00;130.00;0.00;0.00;Приход;Упрощенная Доход.
22.01.2020 14:34;0000002465048694;9283440300095859;2252920118;13580;165.00;0.00;0.00;0.00;0.00;165.00;165.00;0.00;0.00;Приход;Упрощенная Доход.
22.01.2020 14:28;0000002465048694;9283440300095859;1346686687;13579;180.00;0.00;0.00;0.00;0.00;180.00;180.00;0.00;0.00;Приход;Упрощенная Доход.
22.01.2020 13:32;0000002465048694;9283440300095859;1908455617;13578;60.00;0.00;0.00;0.00;0.00;60.00;60.00;0.00;0.00;Приход;Упрощенная Доход.
22.01.2020 13:31;0000002465048694;9283440300095859;3325854624;13577;220.00;0.00;0.00;0.00;0.00;220.00;220.00;0.00;0.00;Приход;Упрощенная Доход.
22.01.2020 13:29;0000002465048694;9283440300095859;772768270;13576;180.00;0.00;0.00;0.00;0.00;180.00;180.00;0.00;0.00;Приход;Упрощенная Доход.
22.01.2020 13:21;0000002465048694;9283440300095859;3111672593;13575;130.00;0.00;0.00;0.00;0.00;130.00;130.00;0.00;0.00;Приход;Упрощенная Доход.
22.01.2020 13:13;0000002465048694;9283440300095859;2193264900;13574;90.00;0.00;0.00;0.00;0.00;90.00;90.00;0.00;0.00;Приход;Упрощенная Доход.
22.01.2020 13:11;0000002465048694;9283440300095859;250132721;13573;160.00;0.00;0.00;0.00;0.00;160.00;160.00;0.00;0.00;Приход;Упрощенная Доход.
22.01.2020 13:10;0000002465048694;9283440300095859;3870569749;13572;150.00;0.00;0.00;0.00;150.00;0.00;150.00;0.00;0.00;Приход;Упрощенная Доход.
22.01.2020 13:06;0000002465048694;9283440300095859;1276760909;13571;180.00;0.00;0.00;0.00;0.00;180.00;180.00;0.00;0.00;Приход;Упрощенная Доход.
22.01.2020 12:57;0000002465048694;9283440300095859;3585724963;13570;100.00;0.00;0.00;0.00;0.00;100.00;100.00;0.00;0.00;Приход;Упрощенная Доход.
22.01.2020 12:23;0000002465048694;9283440300095859;489911411;13569;130.00;0.00;0.00;0.00;0.00;130.00;130.00;0.00;0.00;Приход;Упрощенная Доход.
22.01.2020 12:06;0000002465048694;9283440300095859;2796323580;13568;440.00;0.00;0.00;0.00;0.00;440.00;440.00;0.00;0.00;Приход;Упрощенная Доход.
22.01.2020 12:03;0000002465048694;9283440300095859;2880536205;13567;130.00;0.00;0.00;0.00;130.00;0.00;130.00;0.00;0.00;Приход;Упрощенная Доход.
22.01.2020 11:47;0000002465048694;9283440300095859;1929108888;13566;190.00;0.00;0.00;0.00;0.00;190.00;190.00;0.00;0.00;Приход;Упрощенная Доход.
22.01.2020 11:44;0000002465048694;9283440300095859;457590040;13565;90.00;0.00;0.00;0.00;90.00;0.00;90.00;0.00;0.00;Приход;Упрощенная Доход.
22.01.2020 11:43;0000002465048694;9283440300095859;1958910941;13564;150.00;0.00;0.00;0.00;0.00;150.00;150.00;0.00;0.00;Приход;Упрощенная Доход.
22.01.2020 11:43;0000002465048694;9283440300095859;1722027690;13563;160.00;0.00;0.00;0.00;0.00;160.00;160.00;0.00;0.00;Приход;Упрощенная Доход.
22.01.2020 11:39;0000002465048694;9283440300095859;1230628283;13562;260.00;0.00;0.00;0.00;0.00;260.00;260.00;0.00;0.00;Приход;Упрощенная Доход.
22.01.2020 10:09;0000002465048694;9283440300095859;1568009691;13561;175.00;0.00;0.00;0.00;0.00;175.00;175.00;0.00;0.00;Приход;Упрощенная Доход.
22.01.2020 10:07;0000002465048694;9283440300095859;1127291876;13560;205.00;0.00;0.00;0.00;0.00;205.00;205.00;0.00;0.00;Приход;Упрощенная Доход.
22.01.2020 09:54;0000002465048694;9283440300095859;4072703638;13559;150.00;0.00;0.00;0.00;0.00;150.00;150.00;0.00;0.00;Приход;Упрощенная Доход.
22.01.2020 09:53;0000002465048694;9283440300095859;587240801;13558;195.00;0.00;0.00;0.00;0.00;195.00;195.00;0.00;0.00;Приход;Упрощенная Доход.
22.01.2020 09:51;0000002465048694;9283440300095859;2622587314;13557;295.00;0.00;0.00;0.00;0.00;295.00;295.00;0.00;0.00;Приход;Упрощенная Доход.
22.01.2020 09:50;0000002465048694;9283440300095859;57954436;13556;160.00;0.00;0.00;0.00;0.00;160.00;160.00;0.00;0.00;Приход;Упрощенная Доход.
22.01.2020 09:42;0000002465048694;9283440300095859;907216799;13555;90.00;0.00;0.00;0.00;0.00;90.00;90.00;0.00;0.00;Приход;Упрощенная Доход.
22.01.2020 09:39;0000002465048694;9283440300095859;2775236476;13554;160.00;0.00;0.00;0.00;0.00;160.00;160.00;0.00;0.00;Приход;Упрощенная Доход.
22.01.2020 09:36;0000002465048694;9283440300095859;2610206457;13553;90.00;0.00;0.00;0.00;0.00;90.00;90.00;0.00;0.00;Приход;Упрощенная Доход.
22.01.2020 09:30;0000002465048694;9283440300095859;751086110;13552;75.00;0.00;0.00;0.00;0.00;75.00;75.00;0.00;0.00;Приход;Упрощенная Доход.
22.01.2020 09:24;0000002465048694;9283440300095859;2358563383;13551;130.00;0.00;0.00;0.00;0.00;130.00;130.00;0.00;0.00;Приход;Упрощенная Доход.
22.01.2020 09:22;0000002465048694;9283440300095859;4013181006;13550;160.00;0.00;0.00;0.00;0.00;160.00;160.00;0.00;0.00;Приход;Упрощенная Доход.
22.01.2020 09:07;0000002465048694;9283440300095859;797019533;13549;275.00;0.00;0.00;0.00;0.00;275.00;275.00;0.00;0.00;Приход;Упрощенная Доход.
22.01.2020 09:04;0000002465048694;9283440300095859;3436847273;13548;190.00;0.00;0.00;0.00;0.00;190.00;190.00;0.00;0.00;Приход;Упрощенная Доход.
22.01.2020 08:59;0000002465048694;9283440300095859;2074965736;13547;180.00;0.00;0.00;0.00;0.00;180.00;180.00;0.00;0.00;Приход;Упрощенная Доход.
22.01.2020 08:55;0000002465048694;9283440300095859;3351839090;13546;180.00;0.00;0.00;0.00;0.00;180.00;180.00;0.00;0.00;Приход;Упрощенная Доход.
22.01.2020 08:54;0000002465048694;9283440300095859;500840968;13545;150.00;0.00;0.00;0.00;0.00;150.00;150.00;0.00;0.00;Приход;Упрощенная Доход.
22.01.2020 08:38;0000002465048694;9283440300095859;2551393124;13544;145.00;0.00;0.00;0.00;0.00;145.00;145.00;0.00;0.00;Приход;Упрощенная Доход.
22.01.2020 08:33;0000002465048694;9283440300095859;2476245307;13543;175.00;0.00;0.00;0.00;0.00;175.00;175.00;0.00;0.00;Приход;Упрощенная Доход.
22.01.2020 08:32;0000002465048694;9283440300095859;3933150344;13542;180.00;0.00;0.00;0.00;0.00;180.00;180.00;0.00;0.00;Приход;Упрощенная Доход.
22.01.2020 08:30;0000002465048694;9283440300095859;1629416754;13541;160.00;0.00;0.00;0.00;0.00;160.00;160.00;0.00;0.00;Приход;Упрощенная Доход.
21.01.2020 15:48;0000002465048694;9283440300095859;2288537647;13538;100.00;0.00;0.00;0.00;0.00;100.00;100.00;0.00;0.00;Приход;Упрощенная Доход.
21.01.2020 15:31;0000002465048694;9283440300095859;2722295729;13537;90.00;0.00;0.00;0.00;0.00;90.00;90.00;0.00;0.00;Приход;Упрощенная Доход.
21.01.2020 15:30;0000002465048694;9283440300095859;4226383654;13536;215.00;0.00;0.00;0.00;0.00;215.00;215.00;0.00;0.00;Приход;Упрощенная Доход.
21.01.2020 15:29;0000002465048694;9283440300095859;2374634127;13535;160.00;0.00;0.00;0.00;0.00;160.00;160.00;0.00;0.00;Приход;Упрощенная Доход.
21.01.2020 15:23;0000002465048694;9283440300095859;2037974652;13534;130.00;0.00;0.00;0.00;0.00;130.00;130.00;0.00;0.00;Приход;Упрощенная Доход.
21.01.2020 15:19;0000002465048694;9283440300095859;1859161813;13533;160.00;0.00;0.00;0.00;0.00;160.00;160.00;0.00;0.00;Приход;Упрощенная Доход.
21.01.2020 15:18;0000002465048694;9283440300095859;3294970454;13532;180.00;0.00;0.00;0.00;0.00;180.00;180.00;0.00;0.00;Приход;Упрощенная Доход.
21.01.2020 15:16;0000002465048694;9283440300095859;1989963982;13531;210.00;0.00;0.00;0.00;0.00;210.00;210.00;0.00;0.00;Приход;Упрощенная Доход.
21.01.2020 15:07;0000002465048694;9283440300095859;298094575;13530;190.00;0.00;0.00;0.00;0.00;190.00;190.00;0.00;0.00;Приход;Упрощенная Доход.
21.01.2020 14:58;0000002465048694;9283440300095859;980323110;13529;290.00;0.00;0.00;0.00;0.00;290.00;290.00;0.00;0.00;Приход;Упрощенная Доход.
21.01.2020 14:54;0000002465048694;9283440300095859;3009232731;13528;205.00;0.00;0.00;0.00;205.00;0.00;205.00;0.00;0.00;Приход;Упрощенная Доход.
21.01.2020 14:51;0000002465048694;9283440300095859;553733870;13527;195.00;0.00;0.00;0.00;0.00;195.00;195.00;0.00;0.00;Приход;Упрощенная Доход.
21.01.2020 13:41;0000002465048694;9283440300095859;2085599569;13526;30.00;0.00;0.00;0.00;30.00;0.00;30.00;0.00;0.00;Приход;Упрощенная Доход.
21.01.2020 13:39;0000002465048694;9283440300095859;1580398538;13525;160.00;0.00;0.00;0.00;0.00;160.00;160.00;0.00;0.00;Приход;Упрощенная Доход.
21.01.2020 13:10;0000002465048694;9283440300095859;3178328798;13524;100.00;0.00;0.00;0.00;0.00;100.00;100.00;0.00;0.00;Приход;Упрощенная Доход.
21.01.2020 13:09;0000002465048694;9283440300095859;893947425;13523;260.00;0.00;0.00;0.00;0.00;260.00;260.00;0.00;0.00;Приход;Упрощенная Доход.
21.01.2020 12:57;0000002465048694;9283440300095859;1943360124;13522;160.00;0.00;0.00;0.00;0.00;160.00;160.00;0.00;0.00;Приход;Упрощенная Доход.
21.01.2020 12:50;0000002465048694;9283440300095859;2123207153;13521;180.00;0.00;0.00;0.00;0.00;180.00;180.00;0.00;0.00;Приход;Упрощенная Доход.
21.01.2020 12:48;0000002465048694;9283440300095859;1544594632;13520;160.00;0.00;0.00;0.00;0.00;160.00;160.00;0.00;0.00;Приход;Упрощенная Доход.
21.01.2020 12:46;0000002465048694;9283440300095859;2592784569;13519;220.00;0.00;0.00;0.00;0.00;220.00;220.00;0.00;0.00;Приход;Упрощенная Доход.
21.01.2020 12:45;0000002465048694;9283440300095859;3381145344;13518;180.00;0.00;0.00;0.00;0.00;180.00;180.00;0.00;0.00;Приход;Упрощенная Доход.
21.01.2020 12:05;0000002465048694;9283440300095859;2933026356;13517;160.00;0.00;0.00;0.00;0.00;160.00;160.00;0.00;0.00;Приход;Упрощенная Доход.
21.01.2020 12:04;0000002465048694;9283440300095859;1646036000;13516;130.00;0.00;0.00;0.00;0.00;130.00;130.00;0.00;0.00;Приход;Упрощенная Доход.
21.01.2020 11:54;0000002465048694;9283440300095859;1591102856;13515;145.00;0.00;0.00;0.00;0.00;145.00;145.00;0.00;0.00;Приход;Упрощенная Доход.
21.01.2020 11:49;0000002465048694;9283440300095859;2427970804;13514;205.00;0.00;0.00;0.00;0.00;205.00;205.00;0.00;0.00;Приход;Упрощенная Доход.
21.01.2020 11:06;0000002465048694;9283440300095859;3585663986;13513;160.00;0.00;0.00;0.00;0.00;160.00;160.00;0.00;0.00;Приход;Упрощенная Доход.
21.01.2020 11:05;0000002465048694;9283440300095859;515255784;13512;160.00;0.00;0.00;0.00;0.00;160.00;160.00;0.00;0.00;Приход;Упрощенная Доход.
21.01.2020 10:54;0000002465048694;9283440300095859;2502298060;13511;90.00;0.00;0.00;0.00;0.00;90.00;90.00;0.00;0.00;Приход;Упрощенная Доход.
21.01.2020 10:45;0000002465048694;9283440300095859;458018965;13510;180.00;0.00;0.00;0.00;0.00;180.00;180.00;0.00;0.00;Приход;Упрощенная Доход.
21.01.2020 10:42;0000002465048694;9283440300095859;1091756123;13509;190.00;0.00;0.00;0.00;0.00;190.00;190.00;0.00;0.00;Приход;Упрощенная Доход.
21.01.2020 10:41;0000002465048694;9283440300095859;385700384;13508;335.00;0.00;0.00;0.00;0.00;335.00;335.00;0.00;0.00;Приход;Упрощенная Доход.
21.01.2020 10:32;0000002465048694;9283440300095859;1688191907;13507;90.00;0.00;0.00;0.00;0.00;90.00;90.00;0.00;0.00;Приход;Упрощенная Доход.
21.01.2020 10:31;0000002465048694;9283440300095859;1300604489;13506;75.00;0.00;0.00;0.00;0.00;75.00;75.00;0.00;0.00;Приход;Упрощенная Доход.
21.01.2020 10:30;0000002465048694;9283440300095859;1951415618;13505;130.00;0.00;0.00;0.00;0.00;130.00;130.00;0.00;0.00;Приход;Упрощенная Доход.
21.01.2020 10:27;0000002465048694;9283440300095859;4087334950;13504;260.00;0.00;0.00;0.00;0.00;260.00;260.00;0.00;0.00;Приход;Упрощенная Доход.
21.01.2020 10:26;0000002465048694;9283440300095859;2004518867;13503;150.00;0.00;0.00;0.00;0.00;150.00;150.00;0.00;0.00;Приход;Упрощенная Доход.
21.01.2020 10:07;0000002465048694;9283440300095859;2361323263;13502;440.00;0.00;0.00;0.00;0.00;440.00;440.00;0.00;0.00;Приход;Упрощенная Доход.
21.01.2020 10:01;0000002465048694;9283440300095859;1105286012;13501;190.00;0.00;0.00;0.00;0.00;190.00;190.00;0.00;0.00;Приход;Упрощенная Доход.
21.01.2020 09:59;0000002465048694;9283440300095859;2292591272;13500;100.00;0.00;0.00;0.00;0.00;100.00;100.00;0.00;0.00;Приход;Упрощенная Доход.
21.01.2020 09:57;0000002465048694;9283440300095859;2070644277;13499;130.00;0.00;0.00;0.00;0.00;130.00;130.00;0.00;0.00;Приход;Упрощенная Доход.
21.01.2020 09:50;0000002465048694;9283440300095859;481757833;13498;260.00;0.00;0.00;0.00;0.00;260.00;260.00;0.00;0.00;Приход;Упрощенная Доход.
21.01.2020 09:50;0000002465048694;9283440300095859;584188323;13497;180.00;0.00;0.00;0.00;0.00;180.00;180.00;0.00;0.00;Приход;Упрощенная Доход.
21.01.2020 09:37;0000002465048694;9283440300095859;2959738011;13496;110.00;0.00;0.00;0.00;0.00;110.00;110.00;0.00;0.00;Приход;Упрощенная Доход.
21.01.2020 09:37;0000002465048694;9283440300095859;2153636929;13495;90.00;0.00;0.00;0.00;0.00;90.00;90.00;0.00;0.00;Приход;Упрощенная Доход.
21.01.2020 09:36;0000002465048694;9283440300095859;1370141022;13494;130.00;0.00;0.00;0.00;0.00;130.00;130.00;0.00;0.00;Приход;Упрощенная Доход.
21.01.2020 09:35;0000002465048694;9283440300095859;2949952;13493;130.00;0.00;0.00;0.00;0.00;130.00;130.00;0.00;0.00;Приход;Упрощенная Доход.
21.01.2020 09:33;0000002465048694;9283440300095859;904219275;13492;190.00;0.00;0.00;0.00;0.00;190.00;190.00;0.00;0.00;Приход;Упрощенная Доход.
21.01.2020 09:27;0000002465048694;9283440300095859;199120894;13491;160.00;0.00;0.00;0.00;0.00;160.00;160.00;0.00;0.00;Приход;Упрощенная Доход.
21.01.2020 09:21;0000002465048694;9283440300095859;1916386781;13490;205.00;0.00;0.00;0.00;0.00;205.00;205.00;0.00;0.00;Приход;Упрощенная Доход.
21.01.2020 09:19;0000002465048694;9283440300095859;3310603291;13489;130.00;0.00;0.00;0.00;0.00;130.00;130.00;0.00;0.00;Приход;Упрощенная Доход.
21.01.2020 09:17;0000002465048694;9283440300095859;2881347138;13488;160.00;0.00;0.00;0.00;0.00;160.00;160.00;0.00;0.00;Приход;Упрощенная Доход.
21.01.2020 09:15;0000002465048694;9283440300095859;2464020245;13487;160.00;0.00;0.00;0.00;0.00;160.00;160.00;0.00;0.00;Приход;Упрощенная Доход.
21.01.2020 09:14;0000002465048694;9283440300095859;59066391;13486;75.00;0.00;0.00;0.00;0.00;75.00;75.00;0.00;0.00;Приход;Упрощенная Доход.
21.01.2020 09:13;0000002465048694;9283440300095859;966736469;13485;240.00;0.00;0.00;0.00;0.00;240.00;240.00;0.00;0.00;Приход;Упрощенная Доход.
21.01.2020 09:10;0000002465048694;9283440300095859;4102294788;13484;175.00;0.00;0.00;0.00;0.00;175.00;175.00;0.00;0.00;Приход;Упрощенная Доход.
21.01.2020 09:09;0000002465048694;9283440300095859;3831529665;13483;160.00;0.00;0.00;0.00;0.00;160.00;160.00;0.00;0.00;Приход;Упрощенная Доход.
21.01.2020 09:08;0000002465048694;9283440300095859;1808844241;13482;160.00;0.00;0.00;0.00;0.00;160.00;160.00;0.00;0.00;Приход;Упрощенная Доход.
21.01.2020 09:06;0000002465048694;9283440300095859;3164652479;13481;200.00;0.00;0.00;0.00;0.00;200.00;200.00;0.00;0.00;Приход;Упрощенная Доход.
21.01.2020 09:05;0000002465048694;9283440300095859;4192960644;13480;130.00;0.00;0.00;0.00;0.00;130.00;130.00;0.00;0.00;Приход;Упрощенная Доход.
21.01.2020 09:02;0000002465048694;9283440300095859;95643692;13479;210.00;0.00;0.00;0.00;0.00;210.00;210.00;0.00;0.00;Приход;Упрощенная Доход.
21.01.2020 09:02;0000002465048694;9283440300095859;2297842298;13478;180.00;0.00;0.00;0.00;0.00;180.00;180.00;0.00;0.00;Приход;Упрощенная Доход.
21.01.2020 09:01;0000002465048694;9283440300095859;1370123308;13477;275.00;0.00;0.00;0.00;0.00;275.00;275.00;0.00;0.00;Приход;Упрощенная Доход.
21.01.2020 08:59;0000002465048694;9283440300095859;1572304255;13476;150.00;0.00;0.00;0.00;0.00;150.00;150.00;0.00;0.00;Приход;Упрощенная Доход.
21.01.2020 08:58;0000002465048694;9283440300095859;1897760016;13475;160.00;0.00;0.00;0.00;0.00;160.00;160.00;0.00;0.00;Приход;Упрощенная Доход.
21.01.2020 08:55;0000002465048694;9283440300095859;928585874;13474;320.00;0.00;0.00;0.00;0.00;320.00;320.00;0.00;0.00;Приход;Упрощенная Доход.
21.01.2020 08:53;0000002465048694;9283440300095859;2097662174;13473;75.00;0.00;0.00;0.00;0.00;75.00;75.00;0.00;0.00;Приход;Упрощенная Доход.
21.01.2020 08:50;0000002465048694;9283440300095859;2541248977;13472;75.00;0.00;0.00;0.00;0.00;75.00;75.00;0.00;0.00;Приход;Упрощенная Доход.
21.01.2020 08:42;0000002465048694;9283440300095859;625195348;13471;130.00;0.00;0.00;0.00;0.00;130.00;130.00;0.00;0.00;Приход;Упрощенная Доход.
21.01.2020 08:39;0000002465048694;9283440300095859;3067677161;13470;171.00;0.00;0.00;0.00;171.00;0.00;171.00;0.00;0.00;Приход;Упрощенная Доход.
21.01.2020 08:28;0000002465048694;9283440300095859;585999326;13469;160.00;0.00;0.00;0.00;0.00;160.00;160.00;0.00;0.00;Приход;Упрощенная Доход.
21.01.2020 08:26;0000002465048694;9283440300095859;1713477426;13468;210.00;0.00;0.00;0.00;210.00;0.00;210.00;0.00;0.00;Приход;Упрощенная Доход.
21.01.2020 08:25;0000002465048694;9283440300095859;4139404336;13467;100.00;0.00;0.00;0.00;0.00;100.00;100.00;0.00;0.00;Приход;Упрощенная Доход.
20.01.2020 15:26;0000002465048694;9283440300095859;4242042095;13464;30.00;0.00;0.00;0.00;30.00;0.00;30.00;0.00;0.00;Приход;Упрощенная Доход.
20.01.2020 15:19;0000002465048694;9283440300095859;2772759922;13463;280.00;0.00;0.00;0.00;0.00;280.00;280.00;0.00;0.00;Приход;Упрощенная Доход.
20.01.2020 15:15;0000002465048694;9283440300095859;630052536;13462;130.00;0.00;0.00;0.00;0.00;130.00;130.00;0.00;0.00;Приход;Упрощенная Доход.
20.01.2020 15:11;0000002465048694;9283440300095859;2776466311;13461;100.00;0.00;0.00;0.00;100.00;0.00;100.00;0.00;0.00;Приход;Упрощенная Доход.
20.01.2020 14:52;0000002465048694;9283440300095859;643133636;13460;390.00;0.00;0.00;0.00;0.00;390.00;390.00;0.00;0.00;Приход;Упрощенная Доход.
20.01.2020 14:08;0000002465048694;9283440300095859;1644489258;13459;130.00;0.00;0.00;0.00;0.00;130.00;130.00;0.00;0.00;Приход;Упрощенная Доход.
20.01.2020 13:59;0000002465048694;9283440300095859;3727145920;13458;130.00;0.00;0.00;0.00;0.00;130.00;130.00;0.00;0.00;Приход;Упрощенная Доход.
20.01.2020 13:52;0000002465048694;9283440300095859;1207277738;13457;90.00;0.00;0.00;0.00;0.00;90.00;90.00;0.00;0.00;Приход;Упрощенная Доход.
20.01.2020 13:45;0000002465048694;9283440300095859;4153262973;13456;180.00;0.00;0.00;0.00;180.00;0.00;180.00;0.00;0.00;Приход;Упрощенная Доход.
20.01.2020 13:25;0000002465048694;9283440300095859;744045426;13455;160.00;0.00;0.00;0.00;0.00;160.00;160.00;0.00;0.00;Приход;Упрощенная Доход.
20.01.2020 13:20;0000002465048694;9283440300095859;3518386244;13454;75.00;0.00;0.00;0.00;0.00;75.00;75.00;0.00;0.00;Приход;Упрощенная Доход.
20.01.2020 13:19;0000002465048694;9283440300095859;102621248;13453;105.00;0.00;0.00;0.00;0.00;105.00;105.00;0.00;0.00;Приход;Упрощенная Доход.
20.01.2020 13:17;0000002465048694;9283440300095859;2837038894;13452;130.00;0.00;0.00;0.00;0.00;130.00;130.00;0.00;0.00;Приход;Упрощенная Доход.
20.01.2020 12:51;0000002465048694;9283440300095859;668356956;13451;130.00;0.00;0.00;0.00;0.00;130.00;130.00;0.00;0.00;Приход;Упрощенная Доход.
20.01.2020 12:30;0000002465048694;9283440300095859;937235082;13450;130.00;0.00;0.00;0.00;0.00;130.00;130.00;0.00;0.00;Приход;Упрощенная Доход.
20.01.2020 11:55;0000002465048694;9283440300095859;1140926518;13449;130.00;0.00;0.00;0.00;0.00;130.00;130.00;0.00;0.00;Приход;Упрощенная Доход.
20.01.2020 11:44;0000002465048694;9283440300095859;918664760;13448;160.00;0.00;0.00;0.00;0.00;160.00;160.00;0.00;0.00;Приход;Упрощенная Доход.
20.01.2020 11:41;0000002465048694;9283440300095859;711028438;13447;130.00;0.00;0.00;0.00;0.00;130.00;130.00;0.00;0.00;Приход;Упрощенная Доход.
20.01.2020 11:40;0000002465048694;9283440300095859;2764113233;13446;75.00;0.00;0.00;0.00;0.00;75.00;75.00;0.00;0.00;Приход;Упрощенная Доход.
20.01.2020 11:38;0000002465048694;9283440300095859;2913627267;13445;180.00;0.00;0.00;0.00;0.00;180.00;180.00;0.00;0.00;Приход;Упрощенная Доход.
20.01.2020 11:17;0000002465048694;9283440300095859;3605652345;13444;165.00;0.00;0.00;0.00;0.00;165.00;165.00;0.00;0.00;Приход;Упрощенная Доход.
20.01.2020 11:15;0000002465048694;9283440300095859;2764215576;13443;75.00;0.00;0.00;0.00;0.00;75.00;75.00;0.00;0.00;Приход;Упрощенная Доход.
20.01.2020 11:14;0000002465048694;9283440300095859;2319445886;13442;180.00;0.00;0.00;0.00;0.00;180.00;180.00;0.00;0.00;Приход;Упрощенная Доход.
20.01.2020 11:08;0000002465048694;9283440300095859;1700104876;13441;160.00;0.00;0.00;0.00;0.00;160.00;160.00;0.00;0.00;Приход;Упрощенная Доход.
20.01.2020 11:05;0000002465048694;9283440300095859;2141625893;13440;190.00;0.00;0.00;0.00;0.00;190.00;190.00;0.00;0.00;Приход;Упрощенная Доход.
20.01.2020 10:52;0000002465048694;9283440300095859;1564612911;13439;60.00;0.00;0.00;0.00;0.00;60.00;60.00;0.00;0.00;Приход;Упрощенная Доход.
20.01.2020 10:48;0000002465048694;9283440300095859;2230298556;13438;90.00;0.00;0.00;0.00;0.00;90.00;90.00;0.00;0.00;Приход;Упрощенная Доход.
20.01.2020 10:44;0000002465048694;9283440300095859;1194459643;13437;160.00;0.00;0.00;0.00;0.00;160.00;160.00;0.00;0.00;Приход;Упрощенная Доход.
20.01.2020 10:42;0000002465048694;9283440300095859;1493452453;13436;150.00;0.00;0.00;0.00;0.00;150.00;150.00;0.00;0.00;Приход;Упрощенная Доход.
20.01.2020 10:36;0000002465048694;9283440300095859;2463649163;13435;90.00;0.00;0.00;0.00;0.00;90.00;90.00;0.00;0.00;Приход;Упрощенная Доход.
20.01.2020 10:26;0000002465048694;9283440300095859;2645716897;13434;130.00;0.00;0.00;0.00;0.00;130.00;130.00;0.00;0.00;Приход;Упрощенная Доход.
20.01.2020 10:22;0000002465048694;9283440300095859;644903882;13433;160.00;0.00;0.00;0.00;0.00;160.00;160.00;0.00;0.00;Приход;Упрощенная Доход.
20.01.2020 10:18;0000002465048694;9283440300095859;1744327755;13432;195.00;0.00;0.00;0.00;0.00;195.00;195.00;0.00;0.00;Приход;Упрощенная Доход.
20.01.2020 10:12;0000002465048694;9283440300095859;2245967712;13431;150.00;0.00;0.00;0.00;0.00;150.00;150.00;0.00;0.00;Приход;Упрощенная Доход.
20.01.2020 10:06;0000002465048694;9283440300095859;1771922064;13430;550.00;0.00;0.00;0.00;0.00;550.00;550.00;0.00;0.00;Приход;Упрощенная Доход.
20.01.2020 10:02;0000002465048694;9283440300095859;2121000424;13429;110.00;0.00;0.00;0.00;0.00;110.00;110.00;0.00;0.00;Приход;Упрощенная Доход.
20.01.2020 10:01;0000002465048694;9283440300095859;4103218682;13428;130.00;0.00;0.00;0.00;0.00;130.00;130.00;0.00;0.00;Приход;Упрощенная Доход.
20.01.2020 09:57;0000002465048694;9283440300095859;1504393624;13427;130.00;0.00;0.00;0.00;0.00;130.00;130.00;0.00;0.00;Приход;Упрощенная Доход.
20.01.2020 09:57;0000002465048694;9283440300095859;3634995892;13426;130.00;0.00;0.00;0.00;0.00;130.00;130.00;0.00;0.00;Приход;Упрощенная Доход.
20.01.2020 09:55;0000002465048694;9283440300095859;2513713028;13425;175.00;0.00;0.00;0.00;0.00;175.00;175.00;0.00;0.00;Приход;Упрощенная Доход.
20.01.2020 09:52;0000002465048694;9283440300095859;4079725352;13424;180.00;0.00;0.00;0.00;0.00;180.00;180.00;0.00;0.00;Приход;Упрощенная Доход.
20.01.2020 09:40;0000002465048694;9283440300095859;2425134948;13423;175.00;0.00;0.00;0.00;0.00;175.00;175.00;0.00;0.00;Приход;Упрощенная Доход.
20.01.2020 09:39;0000002465048694;9283440300095859;1519141653;13422;130.00;0.00;0.00;0.00;0.00;130.00;130.00;0.00;0.00;Приход;Упрощенная Доход.
20.01.2020 09:37;0000002465048694;9283440300095859;850482821;13421;75.00;0.00;0.00;0.00;0.00;75.00;75.00;0.00;0.00;Приход;Упрощенная Доход.
20.01.2020 09:36;0000002465048694;9283440300095859;2099784343;13420;130.00;0.00;0.00;0.00;0.00;130.00;130.00;0.00;0.00;Приход;Упрощенная Доход.
20.01.2020 09:33;0000002465048694;9283440300095859;2622119893;13419;90.00;0.00;0.00;0.00;0.00;90.00;90.00;0.00;0.00;Приход;Упрощенная Доход.
20.01.2020 09:32;0000002465048694;9283440300095859;1068382740;13418;160.00;0.00;0.00;0.00;0.00;160.00;160.00;0.00;0.00;Приход;Упрощенная Доход.
20.01.2020 09:30;0000002465048694;9283440300095859;2659806054;13417;175.00;0.00;0.00;0.00;0.00;175.00;175.00;0.00;0.00;Приход;Упрощенная Доход.
20.01.2020 09:28;0000002465048694;9283440300095859;2072061436;13416;75.00;0.00;0.00;0.00;0.00;75.00;75.00;0.00;0.00;Приход;Упрощенная Доход.
20.01.2020 09:25;0000002465048694;9283440300095859;595953642;13415;160.00;0.00;0.00;0.00;0.00;160.00;160.00;0.00;0.00;Приход;Упрощенная Доход.
20.01.2020 09:25;0000002465048694;9283440300095859;3062598777;13414;265.00;0.00;0.00;0.00;0.00;265.00;265.00;0.00;0.00;Приход;Упрощенная Доход.
20.01.2020 09:17;0000002465048694;9283440300095859;3900016835;13413;160.00;0.00;0.00;0.00;0.00;160.00;160.00;0.00;0.00;Приход;Упрощенная Доход.
20.01.2020 09:14;0000002465048694;9283440300095859;3964774916;13412;145.00;0.00;0.00;0.00;0.00;145.00;145.00;0.00;0.00;Приход;Упрощенная Доход.
20.01.2020 09:13;0000002465048694;9283440300095859;4237284407;13411;150.00;0.00;0.00;0.00;0.00;150.00;150.00;0.00;0.00;Приход;Упрощенная Доход.
20.01.2020 09:12;0000002465048694;9283440300095859;3316411389;13410;240.00;0.00;0.00;0.00;0.00;240.00;240.00;0.00;0.00;Приход;Упрощенная Доход.
20.01.2020 09:11;0000002465048694;9283440300095859;3599814170;13409;100.00;0.00;0.00;0.00;0.00;100.00;100.00;0.00;0.00;Приход;Упрощенная Доход.
20.01.2020 09:10;0000002465048694;9283440300095859;1840804439;13408;60.00;0.00;0.00;0.00;0.00;60.00;60.00;0.00;0.00;Приход;Упрощенная Доход.
20.01.2020 09:10;0000002465048694;9283440300095859;3428531728;13407;180.00;0.00;0.00;0.00;0.00;180.00;180.00;0.00;0.00;Приход;Упрощенная Доход.
20.01.2020 09:07;0000002465048694;9283440300095859;1946630758;13406;195.00;0.00;0.00;0.00;0.00;195.00;195.00;0.00;0.00;Приход;Упрощенная Доход.
20.01.2020 09:03;0000002465048694;9283440300095859;2569386047;13405;130.00;0.00;0.00;0.00;0.00;130.00;130.00;0.00;0.00;Приход;Упрощенная Доход.
20.01.2020 09:02;0000002465048694;9283440300095859;1489893568;13404;320.00;0.00;0.00;0.00;0.00;320.00;320.00;0.00;0.00;Приход;Упрощенная Доход.
20.01.2020 08:59;0000002465048694;9283440300095859;1904108314;13403;100.00;0.00;0.00;0.00;0.00;100.00;100.00;0.00;0.00;Приход;Упрощенная Доход.
20.01.2020 08:58;0000002465048694;9283440300095859;4278117123;13402;160.00;0.00;0.00;0.00;0.00;160.00;160.00;0.00;0.00;Приход;Упрощенная Доход.
20.01.2020 08:55;0000002465048694;9283440300095859;3465367665;13401;150.00;0.00;0.00;0.00;0.00;150.00;150.00;0.00;0.00;Приход;Упрощенная Доход.
20.01.2020 08:54;0000002465048694;9283440300095859;2138343976;13400;180.00;0.00;0.00;0.00;0.00;180.00;180.00;0.00;0.00;Приход;Упрощенная Доход.
20.01.2020 08:52;0000002465048694;9283440300095859;2903350235;13399;130.00;0.00;0.00;0.00;0.00;130.00;130.00;0.00;0.00;Приход;Упрощенная Доход.
20.01.2020 08:51;0000002465048694;9283440300095859;2127655470;13398;100.00;0.00;0.00;0.00;0.00;100.00;100.00;0.00;0.00;Приход;Упрощенная Доход.
20.01.2020 08:50;0000002465048694;9283440300095859;2405485305;13397;75.00;0.00;0.00;0.00;0.00;75.00;75.00;0.00;0.00;Приход;Упрощенная Доход.
20.01.2020 08:44;0000002465048694;9283440300095859;1467149631;13396;145.00;0.00;0.00;0.00;0.00;145.00;145.00;0.00;0.00;Приход;Упрощенная Доход.
20.01.2020 08:42;0000002465048694;9283440300095859;741883975;13395;175.00;0.00;0.00;0.00;0.00;175.00;175.00;0.00;0.00;Приход;Упрощенная Доход.
20.01.2020 08:40;0000002465048694;9283440300095859;1198750265;13394;335.00;0.00;0.00;0.00;0.00;335.00;335.00;0.00;0.00;Приход;Упрощенная Доход.
20.01.2020 08:38;0000002465048694;9283440300095859;3292979692;13393;195.00;0.00;0.00;0.00;0.00;195.00;195.00;0.00;0.00;Приход;Упрощенная Доход.
20.01.2020 08:36;0000002465048694;9283440300095859;2670426019;13392;75.00;0.00;0.00;0.00;0.00;75.00;75.00;0.00;0.00;Приход;Упрощенная Доход.
17.01.2020 15:13;0000002465048694;9283440300095859;3228222530;13389;160.00;0.00;0.00;0.00;0.00;160.00;160.00;0.00;0.00;Приход;Упрощенная Доход.
17.01.2020 15:08;0000002465048694;9283440300095859;2055498101;13388;130.00;0.00;0.00;0.00;0.00;130.00;130.00;0.00;0.00;Приход;Упрощенная Доход.
17.01.2020 15:07;0000002465048694;9283440300095859;495482937;13387;205.00;0.00;0.00;0.00;0.00;205.00;205.00;0.00;0.00;Приход;Упрощенная Доход.
17.01.2020 15:06;0000002465048694;9283440300095859;1365009676;13386;165.00;0.00;0.00;0.00;0.00;165.00;165.00;0.00;0.00;Приход;Упрощенная Доход.
17.01.2020 15:05;0000002465048694;9283440300095859;2896930875;13385;130.00;0.00;0.00;0.00;0.00;130.00;130.00;0.00;0.00;Приход;Упрощенная Доход.
17.01.2020 15:02;0000002465048694;9283440300095859;4156166135;13384;135.00;0.00;0.00;0.00;0.00;135.00;135.00;0.00;0.00;Приход;Упрощенная Доход.
17.01.2020 15:01;0000002465048694;9283440300095859;3726652933;13383;75.00;0.00;0.00;0.00;0.00;75.00;75.00;0.00;0.00;Приход;Упрощенная Доход.
17.01.2020 14:35;0000002465048694;9283440300095859;2440411077;13382;130.00;0.00;0.00;0.00;0.00;130.00;130.00;0.00;0.00;Приход;Упрощенная Доход.
17.01.2020 14:34;0000002465048694;9283440300095859;2388692516;13381;180.00;0.00;0.00;0.00;0.00;180.00;180.00;0.00;0.00;Приход;Упрощенная Доход.
17.01.2020 14:29;0000002465048694;9283440300095859;1048453060;13380;180.00;0.00;0.00;0.00;0.00;180.00;180.00;0.00;0.00;Приход;Упрощенная Доход.
17.01.2020 14:27;0000002465048694;9283440300095859;2219179040;13379;190.00;0.00;0.00;0.00;0.00;190.00;190.00;0.00;0.00;Приход;Упрощенная Доход.
17.01.2020 13:53;0000002465048694;9283440300095859;941765857;13378;150.00;0.00;0.00;0.00;0.00;150.00;150.00;0.00;0.00;Приход;Упрощенная Доход.
17.01.2020 13:51;0000002465048694;9283440300095859;1281490506;13377;150.00;0.00;0.00;0.00;0.00;150.00;150.00;0.00;0.00;Приход;Упрощенная Доход.
17.01.2020 13:45;0000002465048694;9283440300095859;1566748747;13376;30.00;0.00;0.00;0.00;30.00;0.00;30.00;0.00;0.00;Приход;Упрощенная Доход.
17.01.2020 13:43;0000002465048694;9283440300095859;2858002504;13375;100.00;0.00;0.00;0.00;100.00;0.00;100.00;0.00;0.00;Приход;Упрощенная Доход.
17.01.2020 13:33;0000002465048694;9283440300095859;1662799080;13374;130.00;0.00;0.00;0.00;0.00;130.00;130.00;0.00;0.00;Приход;Упрощенная Доход.
17.01.2020 13:18;0000002465048694;9283440300095859;2682581715;13373;1600.00;0.00;0.00;0.00;1600.00;0.00;1600.00;0.00;0.00;Приход;Упрощенная Доход.
17.01.2020 13:12;0000002465048694;9283440300095859;2707623839;13372;60.00;0.00;0.00;0.00;0.00;60.00;60.00;0.00;0.00;Приход;Упрощенная Доход.
17.01.2020 12:36;0000002465048694;9283440300095859;4203565523;13371;160.00;0.00;0.00;0.00;0.00;160.00;160.00;0.00;0.00;Приход;Упрощенная Доход.
17.01.2020 12:26;0000002465048694;9283440300095859;1056529038;13370;75.00;0.00;0.00;0.00;0.00;75.00;75.00;0.00;0.00;Приход;Упрощенная Доход.
17.01.2020 12:25;0000002465048694;9283440300095859;2105694076;13369;130.00;0.00;0.00;0.00;0.00;130.00;130.00;0.00;0.00;Приход;Упрощенная Доход.
17.01.2020 12:04;0000002465048694;9283440300095859;1520765495;13368;60.00;0.00;0.00;0.00;0.00;60.00;60.00;0.00;0.00;Приход;Упрощенная Доход.
17.01.2020 11:55;0000002465048694;9283440300095859;3273382329;13367;130.00;0.00;0.00;0.00;0.00;130.00;130.00;0.00;0.00;Приход;Упрощенная Доход.
17.01.2020 11:41;0000002465048694;9283440300095859;3229588297;13366;350.00;0.00;0.00;0.00;0.00;350.00;350.00;0.00;0.00;Приход;Упрощенная Доход.
17.01.2020 11:34;0000002465048694;9283440300095859;2761934279;13365;60.00;0.00;0.00;0.00;0.00;60.00;60.00;0.00;0.00;Приход;Упрощенная Доход.
17.01.2020 11:30;0000002465048694;9283440300095859;3548020207;13364;180.00;0.00;0.00;0.00;0.00;180.00;180.00;0.00;0.00;Приход;Упрощенная Доход.
17.01.2020 11:24;0000002465048694;9283440300095859;2268104354;13363;130.00;0.00;0.00;0.00;0.00;130.00;130.00;0.00;0.00;Приход;Упрощенная Доход.
17.01.2020 11:22;0000002465048694;9283440300095859;1432088095;13362;145.00;0.00;0.00;0.00;145.00;0.00;145.00;0.00;0.00;Приход;Упрощенная Доход.
17.01.2020 10:48;0000002465048694;9283440300095859;3396216099;13361;150.00;0.00;0.00;0.00;0.00;150.00;150.00;0.00;0.00;Приход;Упрощенная Доход.
17.01.2020 10:46;0000002465048694;9283440300095859;2914626842;13360;180.00;0.00;0.00;0.00;0.00;180.00;180.00;0.00;0.00;Приход;Упрощенная Доход.
17.01.2020 10:45;0000002465048694;9283440300095859;2135450537;13359;130.00;0.00;0.00;0.00;0.00;130.00;130.00;0.00;0.00;Приход;Упрощенная Доход.
17.01.2020 10:44;0000002465048694;9283440300095859;2785781966;13358;90.00;0.00;0.00;0.00;0.00;90.00;90.00;0.00;0.00;Приход;Упрощенная Доход.
17.01.2020 10:41;0000002465048694;9283440300095859;2451562992;13357;180.00;0.00;0.00;0.00;0.00;180.00;180.00;0.00;0.00;Приход;Упрощенная Доход.
17.01.2020 10:40;0000002465048694;9283440300095859;2194739985;13356;190.00;0.00;0.00;0.00;0.00;190.00;190.00;0.00;0.00;Приход;Упрощенная Доход.
17.01.2020 10:38;0000002465048694;9283440300095859;1692644695;13355;160.00;0.00;0.00;0.00;0.00;160.00;160.00;0.00;0.00;Приход;Упрощенная Доход.
17.01.2020 10:32;0000002465048694;9283440300095859;2767722331;13354;90.00;0.00;0.00;0.00;0.00;90.00;90.00;0.00;0.00;Приход;Упрощенная Доход.
17.01.2020 10:22;0000002465048694;9283440300095859;2052331209;13353;260.00;0.00;0.00;0.00;0.00;260.00;260.00;0.00;0.00;Приход;Упрощенная Доход.
17.01.2020 10:19;0000002465048694;9283440300095859;2620049198;13352;130.00;0.00;0.00;0.00;0.00;130.00;130.00;0.00;0.00;Приход;Упрощенная Доход.
17.01.2020 10:17;0000002465048694;9283440300095859;126505062;13351;130.00;0.00;0.00;0.00;0.00;130.00;130.00;0.00;0.00;Приход;Упрощенная Доход.
17.01.2020 09:55;0000002465048694;9283440300095859;3838530250;13350;130.00;0.00;0.00;0.00;0.00;130.00;130.00;0.00;0.00;Приход;Упрощенная Доход.
17.01.2020 09:53;0000002465048694;9283440300095859;693370281;13349;190.00;0.00;0.00;0.00;0.00;190.00;190.00;0.00;0.00;Приход;Упрощенная Доход.
17.01.2020 09:52;0000002465048694;9283440300095859;3654674534;13348;190.00;0.00;0.00;0.00;0.00;190.00;190.00;0.00;0.00;Приход;Упрощенная Доход.
17.01.2020 09:50;0000002465048694;9283440300095859;2650528700;13347;320.00;0.00;0.00;0.00;0.00;320.00;320.00;0.00;0.00;Приход;Упрощенная Доход.
17.01.2020 09:45;0000002465048694;9283440300095859;1415462315;13346;160.00;0.00;0.00;0.00;0.00;160.00;160.00;0.00;0.00;Приход;Упрощенная Доход.
17.01.2020 09:44;0000002465048694;9283440300095859;3631576365;13345;160.00;0.00;0.00;0.00;0.00;160.00;160.00;0.00;0.00;Приход;Упрощенная Доход.
17.01.2020 09:38;0000002465048694;9283440300095859;2142651823;13344;90.00;0.00;0.00;0.00;0.00;90.00;90.00;0.00;0.00;Приход;Упрощенная Доход.
17.01.2020 09:30;0000002465048694;9283440300095859;1769479304;13343;180.00;0.00;0.00;0.00;0.00;180.00;180.00;0.00;0.00;Приход;Упрощенная Доход.
17.01.2020 09:26;0000002465048694;9283440300095859;218928697;13342;135.00;0.00;0.00;0.00;0.00;135.00;135.00;0.00;0.00;Приход;Упрощенная Доход.
17.01.2020 09:22;0000002465048694;9283440300095859;276257242;13341;145.00;0.00;0.00;0.00;0.00;145.00;145.00;0.00;0.00;Приход;Упрощенная Доход.
17.01.2020 09:20;0000002465048694;9283440300095859;2276931292;13340;75.00;0.00;0.00;0.00;0.00;75.00;75.00;0.00;0.00;Приход;Упрощенная Доход.
17.01.2020 09:16;0000002465048694;9283440300095859;597218319;13339;75.00;0.00;0.00;0.00;0.00;75.00;75.00;0.00;0.00;Приход;Упрощенная Доход.
17.01.2020 09:14;0000002465048694;9283440300095859;2288978511;13338;160.00;0.00;0.00;0.00;0.00;160.00;160.00;0.00;0.00;Приход;Упрощенная Доход.
17.01.2020 09:13;0000002465048694;9283440300095859;2253679284;13337;160.00;0.00;0.00;0.00;0.00;160.00;160.00;0.00;0.00;Приход;Упрощенная Доход.
17.01.2020 09:11;0000002465048694;9283440300095859;3298726373;13336;160.00;0.00;0.00;0.00;0.00;160.00;160.00;0.00;0.00;Приход;Упрощенная Доход.
17.01.2020 09:11;0000002465048694;9283440300095859;630498739;13335;160.00;0.00;0.00;0.00;0.00;160.00;160.00;0.00;0.00;Приход;Упрощенная Доход.
17.01.2020 09:09;0000002465048694;9283440300095859;1500440362;13334;150.00;0.00;0.00;0.00;0.00;150.00;150.00;0.00;0.00;Приход;Упрощенная Доход.
17.01.2020 09:08;0000002465048694;9283440300095859;379270763;13333;90.00;0.00;0.00;0.00;0.00;90.00;90.00;0.00;0.00;Приход;Упрощенная Доход.
17.01.2020 09:07;0000002465048694;9283440300095859;1450706851;13332;160.00;0.00;0.00;0.00;0.00;160.00;160.00;0.00;0.00;Приход;Упрощенная Доход.
17.01.2020 09:06;0000002465048694;9283440300095859;3713370146;13331;180.00;0.00;0.00;0.00;0.00;180.00;180.00;0.00;0.00;Приход;Упрощенная Доход.
17.01.2020 09:02;0000002465048694;9283440300095859;671732762;13330;100.00;0.00;0.00;0.00;0.00;100.00;100.00;0.00;0.00;Приход;Упрощенная Доход.
17.01.2020 08:59;0000002465048694;9283440300095859;2408962295;13329;275.00;0.00;0.00;0.00;0.00;275.00;275.00;0.00;0.00;Приход;Упрощенная Доход.
17.01.2020 08:57;0000002465048694;9283440300095859;12161135;13328;180.00;0.00;0.00;0.00;0.00;180.00;180.00;0.00;0.00;Приход;Упрощенная Доход.
17.01.2020 08:57;0000002465048694;9283440300095859;963721497;13327;145.00;0.00;0.00;0.00;0.00;145.00;145.00;0.00;0.00;Приход;Упрощенная Доход.
17.01.2020 08:55;0000002465048694;9283440300095859;2407644132;13326;150.00;0.00;0.00;0.00;150.00;0.00;150.00;0.00;0.00;Приход;Упрощенная Доход.
17.01.2020 08:55;0000002465048694;9283440300095859;2516537455;13325;150.00;0.00;0.00;0.00;0.00;150.00;150.00;0.00;0.00;Приход;Упрощенная Доход.
17.01.2020 08:54;0000002465048694;9283440300095859;1903598767;13324;130.00;0.00;0.00;0.00;0.00;130.00;130.00;0.00;0.00;Приход;Упрощенная Доход.
17.01.2020 08:52;0000002465048694;9283440300095859;2198979431;13323;150.00;0.00;0.00;0.00;0.00;150.00;150.00;0.00;0.00;Приход;Упрощенная Доход.
17.01.2020 08:48;0000002465048694;9283440300095859;4030689730;13322;195.00;0.00;0.00;0.00;0.00;195.00;195.00;0.00;0.00;Приход;Упрощенная Доход.
17.01.2020 08:46;0000002465048694;9283440300095859;2076861318;13321;175.00;0.00;0.00;0.00;0.00;175.00;175.00;0.00;0.00;Приход;Упрощенная Доход.
17.01.2020 08:45;0000002465048694;9283440300095859;2753480235;13320;75.00;0.00;0.00;0.00;0.00;75.00;75.00;0.00;0.00;Приход;Упрощенная Доход.
17.01.2020 08:44;0000002465048694;9283440300095859;568205045;13319;180.00;0.00;0.00;0.00;0.00;180.00;180.00;0.00;0.00;Приход;Упрощенная Доход.
17.01.2020 08:42;0000002465048694;9283440300095859;3157594626;13318;180.00;0.00;0.00;0.00;0.00;180.00;180.00;0.00;0.00;Приход;Упрощенная Доход.
17.01.2020 08:39;0000002465048694;9283440300095859;3800064176;13317;90.00;0.00;0.00;0.00;0.00;90.00;90.00;0.00;0.00;Приход;Упрощенная Доход.
16.01.2020 16:05;0000002465048694;9283440300095859;1890829659;13314;75.00;0.00;0.00;0.00;0.00;75.00;75.00;0.00;0.00;Приход;Упрощенная Доход.
16.01.2020 16:04;0000002465048694;9283440300095859;3182346382;13313;75.00;0.00;0.00;0.00;0.00;75.00;75.00;0.00;0.00;Приход;Упрощенная Доход.
16.01.2020 16:03;0000002465048694;9283440300095859;2541605184;13312;130.00;0.00;0.00;0.00;0.00;130.00;130.00;0.00;0.00;Приход;Упрощенная Доход.
16.01.2020 16:02;0000002465048694;9283440300095859;1656306590;13311;75.00;0.00;0.00;0.00;0.00;75.00;75.00;0.00;0.00;Приход;Упрощенная Доход.
16.01.2020 16:01;0000002465048694;9283440300095859;2626424446;13310;160.00;0.00;0.00;0.00;0.00;160.00;160.00;0.00;0.00;Приход;Упрощенная Доход.
16.01.2020 16:01;0000002465048694;9283440300095859;2538320710;13309;130.00;0.00;0.00;0.00;0.00;130.00;130.00;0.00;0.00;Приход;Упрощенная Доход.
16.01.2020 15:59;0000002465048694;9283440300095859;2755171055;13308;220.00;0.00;0.00;0.00;220.00;0.00;220.00;0.00;0.00;Приход;Упрощенная Доход.
16.01.2020 15:56;0000002465048694;9283440300095859;173026919;13307;130.00;0.00;0.00;0.00;0.00;130.00;130.00;0.00;0.00;Приход;Упрощенная Доход.
16.01.2020 15:34;0000002465048694;9283440300095859;370546013;13306;160.00;0.00;0.00;0.00;0.00;160.00;160.00;0.00;0.00;Приход;Упрощенная Доход.
16.01.2020 15:32;0000002465048694;9283440300095859;1119170441;13305;145.00;0.00;0.00;0.00;0.00;145.00;145.00;0.00;0.00;Приход;Упрощенная Доход.
16.01.2020 15:21;0000002465048694;9283440300095859;2560354675;13304;90.00;0.00;0.00;0.00;0.00;90.00;90.00;0.00;0.00;Приход;Упрощенная Доход.
16.01.2020 15:17;0000002465048694;9283440300095859;4256521248;13303;160.00;0.00;0.00;0.00;0.00;160.00;160.00;0.00;0.00;Приход;Упрощенная Доход.
16.01.2020 15:06;0000002465048694;9283440300095859;4178945110;13302;255.00;0.00;0.00;0.00;0.00;255.00;255.00;0.00;0.00;Приход;Упрощенная Доход.
16.01.2020 14:25;0000002465048694;9283440300095859;3566079335;13301;160.00;0.00;0.00;0.00;0.00;160.00;160.00;0.00;0.00;Приход;Упрощенная Доход.
16.01.2020 14:23;0000002465048694;9283440300095859;2600218056;13300;135.00;0.00;0.00;0.00;0.00;135.00;135.00;0.00;0.00;Приход;Упрощенная Доход.
16.01.2020 13:49;0000002465048694;9283440300095859;240450221;13299;150.00;0.00;0.00;0.00;150.00;0.00;150.00;0.00;0.00;Приход;Упрощенная Доход.
16.01.2020 13:48;0000002465048694;9283440300095859;2974162610;13298;165.00;0.00;0.00;0.00;0.00;165.00;165.00;0.00;0.00;Приход;Упрощенная Доход.
16.01.2020 12:58;0000002465048694;9283440300095859;2304309478;13297;130.00;0.00;0.00;0.00;0.00;130.00;130.00;0.00;0.00;Приход;Упрощенная Доход.
16.01.2020 12:35;0000002465048694;9283440300095859;3840180809;13296;145.00;0.00;0.00;0.00;145.00;0.00;145.00;0.00;0.00;Приход;Упрощенная Доход.
16.01.2020 12:34;0000002465048694;9283440300095859;2723133402;13295;225.00;0.00;0.00;0.00;0.00;225.00;225.00;0.00;0.00;Приход;Упрощенная Доход.
16.01.2020 12:04;0000002465048694;9283440300095859;3484391137;13294;180.00;0.00;0.00;0.00;0.00;180.00;180.00;0.00;0.00;Приход;Упрощенная Доход.
16.01.2020 11:42;0000002465048694;9283440300095859;2521212492;13293;190.00;0.00;0.00;0.00;190.00;0.00;190.00;0.00;0.00;Приход;Упрощенная Доход.
16.01.2020 11:39;0000002465048694;9283440300095859;2105676038;13292;60.00;0.00;0.00;0.00;0.00;60.00;60.00;0.00;0.00;Приход;Упрощенная Доход.
16.01.2020 11:21;0000002465048694;9283440300095859;2048834988;13291;200.00;0.00;0.00;0.00;0.00;200.00;200.00;0.00;0.00;Приход;Упрощенная Доход.
16.01.2020 11:20;0000002465048694;9283440300095859;1105550311;13290;200.00;0.00;0.00;0.00;0.00;200.00;200.00;0.00;0.00;Приход;Упрощенная Доход.
16.01.2020 11:13;0000002465048694;9283440300095859;3501882189;13289;235.00;0.00;0.00;0.00;235.00;0.00;235.00;0.00;0.00;Приход;Упрощенная Доход.
16.01.2020 11:07;0000002465048694;9283440300095859;2416405567;13288;180.00;0.00;0.00;0.00;180.00;0.00;180.00;0.00;0.00;Приход;Упрощенная Доход.
16.01.2020 11:05;0000002465048694;9283440300095859;770277630;13287;440.00;0.00;0.00;0.00;0.00;440.00;440.00;0.00;0.00;Приход;Упрощенная Доход.
16.01.2020 10:57;0000002465048694;9283440300095859;3608716116;13286;160.00;0.00;0.00;0.00;0.00;160.00;160.00;0.00;0.00;Приход;Упрощенная Доход.
16.01.2020 10:50;0000002465048694;9283440300095859;2628436892;13285;130.00;0.00;0.00;0.00;0.00;130.00;130.00;0.00;0.00;Приход;Упрощенная Доход.
16.01.2020 10:41;0000002465048694;9283440300095859;3156080855;13284;160.00;0.00;0.00;0.00;0.00;160.00;160.00;0.00;0.00;Приход;Упрощенная Доход.
16.01.2020 10:31;0000002465048694;9283440300095859;71352466;13283;130.00;0.00;0.00;0.00;0.00;130.00;130.00;0.00;0.00;Приход;Упрощенная Доход.
16.01.2020 10:30;0000002465048694;9283440300095859;2808440877;13282;90.00;0.00;0.00;0.00;0.00;90.00;90.00;0.00;0.00;Приход;Упрощенная Доход.
16.01.2020 10:10;0000002465048694;9283440300095859;1788910784;13281;100.00;0.00;0.00;0.00;0.00;100.00;100.00;0.00;0.00;Приход;Упрощенная Доход.
16.01.2020 10:07;0000002465048694;9283440300095859;3622685557;13280;160.00;0.00;0.00;0.00;0.00;160.00;160.00;0.00;0.00;Приход;Упрощенная Доход.
16.01.2020 10:05;0000002465048694;9283440300095859;1594035119;13279;130.00;0.00;0.00;0.00;0.00;130.00;130.00;0.00;0.00;Приход;Упрощенная Доход.
16.01.2020 10:01;0000002465048694;9283440300095859;4159161351;13278;130.00;0.00;0.00;0.00;0.00;130.00;130.00;0.00;0.00;Приход;Упрощенная Доход.
16.01.2020 09:58;0000002465048694;9283440300095859;2830117485;13277;130.00;0.00;0.00;0.00;0.00;130.00;130.00;0.00;0.00;Приход;Упрощенная Доход.
16.01.2020 09:54;0000002465048694;9283440300095859;1238787691;13276;75.00;0.00;0.00;0.00;0.00;75.00;75.00;0.00;0.00;Приход;Упрощенная Доход.
16.01.2020 09:50;0000002465048694;9283440300095859;2328340939;13275;220.00;0.00;0.00;0.00;0.00;220.00;220.00;0.00;0.00;Приход;Упрощенная Доход.
16.01.2020 09:44;0000002465048694;9283440300095859;1938808873;13274;160.00;0.00;0.00;0.00;0.00;160.00;160.00;0.00;0.00;Приход;Упрощенная Доход.
16.01.2020 09:39;0000002465048694;9283440300095859;2413757230;13273;90.00;0.00;0.00;0.00;0.00;90.00;90.00;0.00;0.00;Приход;Упрощенная Доход.
16.01.2020 09:38;0000002465048694;9283440300095859;776910729;13272;90.00;0.00;0.00;0.00;0.00;90.00;90.00;0.00;0.00;Приход;Упрощенная Доход.
16.01.2020 09:34;0000002465048694;9283440300095859;635566456;13271;220.00;0.00;0.00;0.00;0.00;220.00;220.00;0.00;0.00;Приход;Упрощенная Доход.
16.01.2020 09:32;0000002465048694;9283440300095859;609360441;13270;160.00;0.00;0.00;0.00;0.00;160.00;160.00;0.00;0.00;Приход;Упрощенная Доход.
16.01.2020 09:31;0000002465048694;9283440300095859;320619846;13269;130.00;0.00;0.00;0.00;0.00;130.00;130.00;0.00;0.00;Приход;Упрощенная Доход.
16.01.2020 09:29;0000002465048694;9283440300095859;1151880021;13268;320.00;0.00;0.00;0.00;0.00;320.00;320.00;0.00;0.00;Приход;Упрощенная Доход.
16.01.2020 09:28;0000002465048694;9283440300095859;3535920948;13267;100.00;0.00;0.00;0.00;0.00;100.00;100.00;0.00;0.00;Приход;Упрощенная Доход.
16.01.2020 09:22;0000002465048694;9283440300095859;3325774724;13266;150.00;0.00;0.00;0.00;0.00;150.00;150.00;0.00;0.00;Приход;Упрощенная Доход.
16.01.2020 09:22;0000002465048694;9283440300095859;24582761;13265;210.00;0.00;0.00;0.00;0.00;210.00;210.00;0.00;0.00;Приход;Упрощенная Доход.
16.01.2020 09:19;0000002465048694;9283440300095859;1937707509;13264;145.00;0.00;0.00;0.00;0.00;145.00;145.00;0.00;0.00;Приход;Упрощенная Доход.
16.01.2020 09:18;0000002465048694;9283440300095859;2582591048;13263;180.00;0.00;0.00;0.00;0.00;180.00;180.00;0.00;0.00;Приход;Упрощенная Доход.
16.01.2020 09:08;0000002465048694;9283440300095859;1843238863;13262;175.00;0.00;0.00;0.00;0.00;175.00;175.00;0.00;0.00;Приход;Упрощенная Доход.
16.01.2020 09:06;0000002465048694;9283440300095859;1561318960;13261;130.00;0.00;0.00;0.00;0.00;130.00;130.00;0.00;0.00;Приход;Упрощенная Доход.
16.01.2020 09:05;0000002465048694;9283440300095859;2614115404;13260;180.00;0.00;0.00;0.00;0.00;180.00;180.00;0.00;0.00;Приход;Упрощенная Доход.
16.01.2020 09:03;0000002465048694;9283440300095859;290290324;13259;480.00;0.00;0.00;0.00;0.00;480.00;480.00;0.00;0.00;Приход;Упрощенная Доход.
16.01.2020 09:01;0000002465048694;9283440300095859;3113043151;13258;145.00;0.00;0.00;0.00;0.00;145.00;145.00;0.00;0.00;Приход;Упрощенная Доход.
16.01.2020 08:58;0000002465048694;9283440300095859;3375610576;13257;160.00;0.00;0.00;0.00;0.00;160.00;160.00;0.00;0.00;Приход;Упрощенная Доход.
16.01.2020 08:56;0000002465048694;9283440300095859;2812364746;13256;260.00;0.00;0.00;0.00;0.00;260.00;260.00;0.00;0.00;Приход;Упрощенная Доход.
16.01.2020 08:53;0000002465048694;9283440300095859;1085755291;13255;160.00;0.00;0.00;0.00;0.00;160.00;160.00;0.00;0.00;Приход;Упрощенная Доход.
16.01.2020 08:52;0000002465048694;9283440300095859;2772134820;13254;130.00;0.00;0.00;0.00;0.00;130.00;130.00;0.00;0.00;Приход;Упрощенная Доход.
16.01.2020 08:52;0000002465048694;9283440300095859;329368747;13253;235.00;0.00;0.00;0.00;0.00;235.00;235.00;0.00;0.00;Приход;Упрощенная Доход.
16.01.2020 08:49;0000002465048694;9283440300095859;332538381;13252;180.00;0.00;0.00;0.00;0.00;180.00;180.00;0.00;0.00;Приход;Упрощенная Доход.
16.01.2020 08:48;0000002465048694;9283440300095859;3566486460;13251;150.00;0.00;0.00;0.00;0.00;150.00;150.00;0.00;0.00;Приход;Упрощенная Доход.
16.01.2020 08:47;0000002465048694;9283440300095859;3893847411;13250;160.00;0.00;0.00;0.00;0.00;160.00;160.00;0.00;0.00;Приход;Упрощенная Доход.
16.01.2020 08:41;0000002465048694;9283440300095859;3261171261;13249;100.00;0.00;0.00;0.00;100.00;0.00;100.00;0.00;0.00;Приход;Упрощенная Доход.
16.01.2020 08:34;0000002465048694;9283440300095859;3257530301;13248;100.00;0.00;0.00;0.00;0.00;100.00;100.00;0.00;0.00;Приход;Упрощенная Доход.
16.01.2020 08:32;0000002465048694;9283440300095859;3184584523;13247;175.00;0.00;0.00;0.00;0.00;175.00;175.00;0.00;0.00;Приход;Упрощенная Доход.
16.01.2020 08:29;0000002465048694;9283440300095859;2322956193;13246;90.00;0.00;0.00;0.00;0.00;90.00;90.00;0.00;0.00;Приход;Упрощенная Доход.
15.01.2020 14:45;0000002465048694;9283440300095859;2246860199;13243;30.00;0.00;0.00;0.00;0.00;30.00;30.00;0.00;0.00;Приход;Упрощенная Доход.
15.01.2020 14:45;0000002465048694;9283440300095859;2593803714;13242;75.00;0.00;0.00;0.00;0.00;75.00;75.00;0.00;0.00;Приход;Упрощенная Доход.
15.01.2020 14:38;0000002465048694;9283440300095859;1760290614;13241;160.00;0.00;0.00;0.00;0.00;160.00;160.00;0.00;0.00;Приход;Упрощенная Доход.
15.01.2020 14:30;0000002465048694;9283440300095859;2916178208;13240;260.00;0.00;0.00;0.00;0.00;260.00;260.00;0.00;0.00;Приход;Упрощенная Доход.
15.01.2020 13:28;0000002465048694;9283440300095859;258483035;13239;200.00;0.00;0.00;0.00;0.00;200.00;200.00;0.00;0.00;Приход;Упрощенная Доход.
15.01.2020 13:21;0000002465048694;9283440300095859;3528016951;13238;420.00;0.00;0.00;0.00;420.00;0.00;420.00;0.00;0.00;Приход;Упрощенная Доход.
15.01.2020 13:12;0000002465048694;9283440300095859;3034267754;13237;160.00;0.00;0.00;0.00;0.00;160.00;160.00;0.00;0.00;Приход;Упрощенная Доход.
15.01.2020 13:06;0000002465048694;9283440300095859;3917239812;13236;60.00;0.00;0.00;0.00;0.00;60.00;60.00;0.00;0.00;Приход;Упрощенная Доход.
15.01.2020 12:51;0000002465048694;9283440300095859;419651433;13235;100.00;0.00;0.00;0.00;0.00;100.00;100.00;0.00;0.00;Приход;Упрощенная Доход.
15.01.2020 12:22;0000002465048694;9283440300095859;4079408106;13234;130.00;0.00;0.00;0.00;0.00;130.00;130.00;0.00;0.00;Приход;Упрощенная Доход.
15.01.2020 12:21;0000002465048694;9283440300095859;1381997380;13233;90.00;0.00;0.00;0.00;0.00;90.00;90.00;0.00;0.00;Приход;Упрощенная Доход.
15.01.2020 12:20;0000002465048694;9283440300095859;3573297787;13232;130.00;0.00;0.00;0.00;0.00;130.00;130.00;0.00;0.00;Приход;Упрощенная Доход.
15.01.2020 12:08;0000002465048694;9283440300095859;2415892563;13231;60.00;0.00;0.00;0.00;0.00;60.00;60.00;0.00;0.00;Приход;Упрощенная Доход.
15.01.2020 12:08;0000002465048694;9283440300095859;2171560220;13230;130.00;0.00;0.00;0.00;0.00;130.00;130.00;0.00;0.00;Приход;Упрощенная Доход.
15.01.2020 11:58;0000002465048694;9283440300095859;3237478630;13229;75.00;0.00;0.00;0.00;0.00;75.00;75.00;0.00;0.00;Приход;Упрощенная Доход.
15.01.2020 11:50;0000002465048694;9283440300095859;3837334384;13228;130.00;0.00;0.00;0.00;0.00;130.00;130.00;0.00;0.00;Приход;Упрощенная Доход.
15.01.2020 11:48;0000002465048694;9283440300095859;3785391041;13227;75.00;0.00;0.00;0.00;0.00;75.00;75.00;0.00;0.00;Приход;Упрощенная Доход.
15.01.2020 11:34;0000002465048694;9283440300095859;1132779537;13226;240.00;0.00;0.00;0.00;0.00;240.00;240.00;0.00;0.00;Приход;Упрощенная Доход.
15.01.2020 11:15;0000002465048694;9283440300095859;3705471171;13225;180.00;0.00;0.00;0.00;180.00;0.00;180.00;0.00;0.00;Приход;Упрощенная Доход.
15.01.2020 11:06;0000002465048694;9283440300095859;1034966049;13224;165.00;0.00;0.00;0.00;0.00;165.00;165.00;0.00;0.00;Приход;Упрощенная Доход.
15.01.2020 11:05;0000002465048694;9283440300095859;4162144673;13223;60.00;0.00;0.00;0.00;0.00;60.00;60.00;0.00;0.00;Приход;Упрощенная Доход.
15.01.2020 10:43;0000002465048694;9283440300095859;2185179968;13222;75.00;0.00;0.00;0.00;0.00;75.00;75.00;0.00;0.00;Приход;Упрощенная Доход.
15.01.2020 10:42;0000002465048694;9283440300095859;502060635;13221;75.00;0.00;0.00;0.00;0.00;75.00;75.00;0.00;0.00;Приход;Упрощенная Доход.
15.01.2020 10:41;0000002465048694;9283440300095859;2201014621;13220;75.00;0.00;0.00;0.00;0.00;75.00;75.00;0.00;0.00;Приход;Упрощенная Доход.
15.01.2020 10:40;0000002465048694;9283440300095859;2679574836;13219;160.00;0.00;0.00;0.00;0.00;160.00;160.00;0.00;0.00;Приход;Упрощенная Доход.
15.01.2020 10:27;0000002465048694;9283440300095859;1371682435;13218;280.00;0.00;0.00;0.00;0.00;280.00;280.00;0.00;0.00;Приход;Упрощенная Доход.
15.01.2020 10:18;0000002465048694;9283440300095859;4203072665;13217;75.00;0.00;0.00;0.00;0.00;75.00;75.00;0.00;0.00;Приход;Упрощенная Доход.
15.01.2020 10:17;0000002465048694;9283440300095859;1412596067;13216;575.00;0.00;0.00;0.00;0.00;575.00;575.00;0.00;0.00;Приход;Упрощенная Доход.
15.01.2020 09:55;0000002465048694;9283440300095859;1640353289;13215;130.00;0.00;0.00;0.00;0.00;130.00;130.00;0.00;0.00;Приход;Упрощенная Доход.
15.01.2020 09:53;0000002465048694;9283440300095859;3568243712;13214;130.00;0.00;0.00;0.00;0.00;130.00;130.00;0.00;0.00;Приход;Упрощенная Доход.
15.01.2020 09:52;0000002465048694;9283440300095859;1506029300;13213;130.00;0.00;0.00;0.00;0.00;130.00;130.00;0.00;0.00;Приход;Упрощенная Доход.
15.01.2020 09:51;0000002465048694;9283440300095859;2702575212;13212;160.00;0.00;0.00;0.00;0.00;160.00;160.00;0.00;0.00;Приход;Упрощенная Доход.
15.01.2020 09:49;0000002465048694;9283440300095859;1826103583;13211;160.00;0.00;0.00;0.00;0.00;160.00;160.00;0.00;0.00;Приход;Упрощенная Доход.
15.01.2020 09:46;0000002465048694;9283440300095859;1721853784;13210;190.00;0.00;0.00;0.00;0.00;190.00;190.00;0.00;0.00;Приход;Упрощенная Доход.
15.01.2020 09:46;0000002465048694;9283440300095859;430420078;13209;90.00;0.00;0.00;0.00;0.00;90.00;90.00;0.00;0.00;Приход;Упрощенная Доход.
15.01.2020 09:45;0000002465048694;9283440300095859;1905432272;13208;130.00;0.00;0.00;0.00;0.00;130.00;130.00;0.00;0.00;Приход;Упрощенная Доход.
15.01.2020 09:42;0000002465048694;9283440300095859;1741670366;13207;90.00;0.00;0.00;0.00;0.00;90.00;90.00;0.00;0.00;Приход;Упрощенная Доход.
15.01.2020 09:41;0000002465048694;9283440300095859;2863340571;13206;160.00;0.00;0.00;0.00;0.00;160.00;160.00;0.00;0.00;Приход;Упрощенная Доход.
15.01.2020 09:40;0000002465048694;9283440300095859;2500986100;13205;175.00;0.00;0.00;0.00;0.00;175.00;175.00;0.00;0.00;Приход;Упрощенная Доход.
15.01.2020 09:39;0000002465048694;9283440300095859;93659305;13204;150.00;0.00;0.00;0.00;0.00;150.00;150.00;0.00;0.00;Приход;Упрощенная Доход.
15.01.2020 09:36;0000002465048694;9283440300095859;2702665642;13203;160.00;0.00;0.00;0.00;0.00;160.00;160.00;0.00;0.00;Приход;Упрощенная Доход.
15.01.2020 09:35;0000002465048694;9283440300095859;465102795;13202;175.00;0.00;0.00;0.00;0.00;175.00;175.00;0.00;0.00;Приход;Упрощенная Доход.
15.01.2020 09:33;0000002465048694;9283440300095859;393745348;13201;200.00;0.00;0.00;0.00;0.00;200.00;200.00;0.00;0.00;Приход;Упрощенная Доход.
15.01.2020 09:32;0000002465048694;9283440300095859;285646587;13200;75.00;0.00;0.00;0.00;0.00;75.00;75.00;0.00;0.00;Приход;Упрощенная Доход.
15.01.2020 09:30;0000002465048694;9283440300095859;3285566582;13199;180.00;0.00;0.00;0.00;0.00;180.00;180.00;0.00;0.00;Приход;Упрощенная Доход.
15.01.2020 09:24;0000002465048694;9283440300095859;2025926952;13198;160.00;0.00;0.00;0.00;0.00;160.00;160.00;0.00;0.00;Приход;Упрощенная Доход.
15.01.2020 09:22;0000002465048694;9283440300095859;2972354879;13197;160.00;0.00;0.00;0.00;0.00;160.00;160.00;0.00;0.00;Приход;Упрощенная Доход.
15.01.2020 09:20;0000002465048694;9283440300095859;328450959;13196;75.00;0.00;0.00;0.00;0.00;75.00;75.00;0.00;0.00;Приход;Упрощенная Доход.
15.01.2020 09:11;0000002465048694;9283440300095859;41978709;13195;130.00;0.00;0.00;0.00;0.00;130.00;130.00;0.00;0.00;Приход;Упрощенная Доход.
15.01.2020 09:08;0000002465048694;9283440300095859;3143708568;13194;210.00;0.00;0.00;0.00;0.00;210.00;210.00;0.00;0.00;Приход;Упрощенная Доход.
15.01.2020 09:04;0000002465048694;9283440300095859;3373733883;13193;320.00;0.00;0.00;0.00;0.00;320.00;320.00;0.00;0.00;Приход;Упрощенная Доход.
15.01.2020 09:03;0000002465048694;9283440300095859;1483377715;13192;130.00;0.00;0.00;0.00;0.00;130.00;130.00;0.00;0.00;Приход;Упрощенная Доход.
15.01.2020 08:49;0000002465048694;9283440300095859;427298721;13191;130.00;0.00;0.00;0.00;0.00;130.00;130.00;0.00;0.00;Приход;Упрощенная Доход.
15.01.2020 08:48;0000002465048694;9283440300095859;1065781002;13190;275.00;0.00;0.00;0.00;0.00;275.00;275.00;0.00;0.00;Приход;Упрощенная Доход.
15.01.2020 08:45;0000002465048694;9283440300095859;1546695495;13189;180.00;0.00;0.00;0.00;0.00;180.00;180.00;0.00;0.00;Приход;Упрощенная Доход.
15.01.2020 08:36;0000002465048694;9283440300095859;2161732448;13188;160.00;0.00;0.00;0.00;0.00;160.00;160.00;0.00;0.00;Приход;Упрощенная Доход.
15.01.2020 08:30;0000002465048694;9283440300095859;3400017895;13187;210.00;0.00;0.00;0.00;0.00;210.00;210.00;0.00;0.00;Приход;Упрощенная Доход.
15.01.2020 08:17;0000002465048694;9283440300095859;3562932601;13186;100.00;0.00;0.00;0.00;0.00;100.00;100.00;0.00;0.00;Приход;Упрощенная Доход.
14.01.2020 15:32;0000002465048694;9283440300095859;690363117;13183;200.00;0.00;0.00;0.00;0.00;200.00;200.00;0.00;0.00;Приход;Упрощенная Доход.
14.01.2020 15:30;0000002465048694;9283440300095859;4096094054;13182;160.00;0.00;0.00;0.00;0.00;160.00;160.00;0.00;0.00;Приход;Упрощенная Доход.
14.01.2020 15:26;0000002465048694;9283440300095859;2334250356;13181;130.00;0.00;0.00;0.00;130.00;0.00;130.00;0.00;0.00;Приход;Упрощенная Доход.
14.01.2020 15:22;0000002465048694;9283440300095859;3351016212;13180;130.00;0.00;0.00;0.00;0.00;130.00;130.00;0.00;0.00;Приход;Упрощенная Доход.
14.01.2020 15:21;0000002465048694;9283440300095859;983135376;13179;60.00;0.00;0.00;0.00;0.00;60.00;60.00;0.00;0.00;Приход;Упрощенная Доход.
14.01.2020 15:19;0000002465048694;9283440300095859;2005849044;13178;160.00;0.00;0.00;0.00;0.00;160.00;160.00;0.00;0.00;Приход;Упрощенная Доход.
14.01.2020 15:18;0000002465048694;9283440300095859;2771565904;13177;60.00;0.00;0.00;0.00;0.00;60.00;60.00;0.00;0.00;Приход;Упрощенная Доход.
14.01.2020 15:14;0000002465048694;9283440300095859;2824595467;13176;200.00;0.00;0.00;0.00;0.00;200.00;200.00;0.00;0.00;Приход;Упрощенная Доход.
14.01.2020 15:13;0000002465048694;9283440300095859;554389237;13175;195.00;0.00;0.00;0.00;0.00;195.00;195.00;0.00;0.00;Приход;Упрощенная Доход.
14.01.2020 13:55;0000002465048694;9283440300095859;4019538619;13174;500.00;0.00;0.00;0.00;500.00;0.00;500.00;0.00;0.00;Приход;Упрощенная Доход.
14.01.2020 13:54;0000002465048694;9283440300095859;2878808794;13173;30.00;0.00;0.00;0.00;30.00;0.00;30.00;0.00;0.00;Приход;Упрощенная Доход.
14.01.2020 13:52;0000002465048694;9283440300095859;4280994865;13172;15.00;0.00;0.00;0.00;0.00;15.00;15.00;0.00;0.00;Возврат прихода;Упрощенная Доход.
14.01.2020 13:49;0000002465048694;9283440300095859;4006595203;13171;15.00;0.00;0.00;0.00;0.00;15.00;15.00;0.00;0.00;Возврат прихода;Упрощенная Доход.
14.01.2020 13:49;0000002465048694;9283440300095859;2248790959;13170;15.00;0.00;0.00;0.00;0.00;15.00;15.00;0.00;0.00;Приход;Упрощенная Доход.
14.01.2020 13:36;0000002465048694;9283440300095859;574564730;13169;15.00;0.00;0.00;0.00;0.00;15.00;15.00;0.00;0.00;Приход;Упрощенная Доход.
14.01.2020 11:14;0000002465048694;9283440300095859;817842490;13168;180.00;0.00;0.00;0.00;0.00;180.00;180.00;0.00;0.00;Приход;Упрощенная Доход.
14.01.2020 11:07;0000002465048694;9283440300095859;2709267853;13167;90.00;0.00;0.00;0.00;0.00;90.00;90.00;0.00;0.00;Приход;Упрощенная Доход.
14.01.2020 11:02;0000002465048694;9283440300095859;4005140713;13166;190.00;0.00;0.00;0.00;190.00;0.00;190.00;0.00;0.00;Приход;Упрощенная Доход.
14.01.2020 11:01;0000002465048694;9283440300095859;1147936952;13165;130.00;0.00;0.00;0.00;0.00;130.00;130.00;0.00;0.00;Приход;Упрощенная Доход.
14.01.2020 10:58;0000002465048694;9283440300095859;3144856604;13164;260.00;0.00;0.00;0.00;260.00;0.00;260.00;0.00;0.00;Приход;Упрощенная Доход.
14.01.2020 10:51;0000002465048694;9283440300095859;149689051;13163;130.00;0.00;0.00;0.00;0.00;130.00;130.00;0.00;0.00;Приход;Упрощенная Доход.
14.01.2020 10:50;0000002465048694;9283440300095859;2200860874;13162;130.00;0.00;0.00;0.00;0.00;130.00;130.00;0.00;0.00;Приход;Упрощенная Доход.
14.01.2020 10:42;0000002465048694;9283440300095859;1658641929;13161;180.00;0.00;0.00;0.00;0.00;180.00;180.00;0.00;0.00;Приход;Упрощенная Доход.
14.01.2020 10:28;0000002465048694;9283440300095859;1002507311;13160;130.00;0.00;0.00;0.00;0.00;130.00;130.00;0.00;0.00;Приход;Упрощенная Доход.
14.01.2020 10:24;0000002465048694;9283440300095859;1287481430;13159;145.00;0.00;0.00;0.00;0.00;145.00;145.00;0.00;0.00;Приход;Упрощенная Доход.
14.01.2020 10:18;0000002465048694;9283440300095859;1249790287;13158;160.00;0.00;0.00;0.00;0.00;160.00;160.00;0.00;0.00;Приход;Упрощенная Доход.
14.01.2020 10:10;0000002465048694;9283440300095859;1614331171;13157;60.00;0.00;0.00;0.00;0.00;60.00;60.00;0.00;0.00;Приход;Упрощенная Доход.
14.01.2020 10:10;0000002465048694;9283440300095859;4103820241;13156;90.00;0.00;0.00;0.00;0.00;90.00;90.00;0.00;0.00;Приход;Упрощенная Доход.
14.01.2020 10:09;0000002465048694;9283440300095859;1961262533;13155;90.00;0.00;0.00;0.00;0.00;90.00;90.00;0.00;0.00;Приход;Упрощенная Доход.
14.01.2020 10:08;0000002465048694;9283440300095859;462137503;13154;150.00;0.00;0.00;0.00;0.00;150.00;150.00;0.00;0.00;Приход;Упрощенная Доход.
14.01.2020 10:00;0000002465048694;9283440300095859;1790158820;13153;130.00;0.00;0.00;0.00;0.00;130.00;130.00;0.00;0.00;Приход;Упрощенная Доход.
14.01.2020 10:00;0000002465048694;9283440300095859;1283359706;13152;130.00;0.00;0.00;0.00;0.00;130.00;130.00;0.00;0.00;Приход;Упрощенная Доход.
14.01.2020 09:59;0000002465048694;9283440300095859;1707821016;13151;130.00;0.00;0.00;0.00;0.00;130.00;130.00;0.00;0.00;Приход;Упрощенная Доход.
14.01.2020 09:56;0000002465048694;9283440300095859;3449002825;13150;210.00;0.00;0.00;0.00;210.00;0.00;210.00;0.00;0.00;Приход;Упрощенная Доход.
14.01.2020 09:49;0000002465048694;9283440300095859;4065997832;13149;130.00;0.00;0.00;0.00;0.00;130.00;130.00;0.00;0.00;Приход;Упрощенная Доход.
14.01.2020 09:48;0000002465048694;9283440300095859;1867738435;13148;130.00;0.00;0.00;0.00;0.00;130.00;130.00;0.00;0.00;Приход;Упрощенная Доход.
14.01.2020 09:47;0000002465048694;9283440300095859;59313646;13147;90.00;0.00;0.00;0.00;0.00;90.00;90.00;0.00;0.00;Приход;Упрощенная Доход.
14.01.2020 09:46;0000002465048694;9283440300095859;4115494474;13146;160.00;0.00;0.00;0.00;0.00;160.00;160.00;0.00;0.00;Приход;Упрощенная Доход.
14.01.2020 09:41;0000002465048694;9283440300095859;405774748;13145;165.00;0.00;0.00;0.00;0.00;165.00;165.00;0.00;0.00;Приход;Упрощенная Доход.
14.01.2020 09:31;0000002465048694;9283440300095859;617598637;13144;200.00;0.00;0.00;0.00;0.00;200.00;200.00;0.00;0.00;Приход;Упрощенная Доход.
14.01.2020 09:28;0000002465048694;9283440300095859;3918699365;13143;240.00;0.00;0.00;0.00;0.00;240.00;240.00;0.00;0.00;Приход;Упрощенная Доход.
14.01.2020 09:24;0000002465048694;9283440300095859;1622965246;13142;160.00;0.00;0.00;0.00;0.00;160.00;160.00;0.00;0.00;Приход;Упрощенная Доход.
14.01.2020 09:22;0000002465048694;9283440300095859;3588743190;13141;175.00;0.00;0.00;0.00;0.00;175.00;175.00;0.00;0.00;Приход;Упрощенная Доход.
14.01.2020 09:21;0000002465048694;9283440300095859;1299206202;13140;130.00;0.00;0.00;0.00;0.00;130.00;130.00;0.00;0.00;Приход;Упрощенная Доход.
14.01.2020 09:19;0000002465048694;9283440300095859;3450502219;13139;210.00;0.00;0.00;0.00;0.00;210.00;210.00;0.00;0.00;Приход;Упрощенная Доход.
14.01.2020 09:18;0000002465048694;9283440300095859;4002305111;13138;145.00;0.00;0.00;0.00;0.00;145.00;145.00;0.00;0.00;Приход;Упрощенная Доход.
14.01.2020 09:16;0000002465048694;9283440300095859;2979475734;13137;145.00;0.00;0.00;0.00;0.00;145.00;145.00;0.00;0.00;Приход;Упрощенная Доход.
14.01.2020 09:16;0000002465048694;9283440300095859;2577016118;13136;145.00;0.00;0.00;0.00;0.00;145.00;145.00;0.00;0.00;Приход;Упрощенная Доход.
14.01.2020 09:13;0000002465048694;9283440300095859;115253252;13135;130.00;0.00;0.00;0.00;0.00;130.00;130.00;0.00;0.00;Приход;Упрощенная Доход.
14.01.2020 09:12;0000002465048694;9283440300095859;2437272401;13134;130.00;0.00;0.00;0.00;0.00;130.00;130.00;0.00;0.00;Приход;Упрощенная Доход.
14.01.2020 09:09;0000002465048694;9283440300095859;4198615893;13133;215.00;0.00;0.00;0.00;0.00;215.00;215.00;0.00;0.00;Приход;Упрощенная Доход.
14.01.2020 09:08;0000002465048694;9283440300095859;2728176014;13132;160.00;0.00;0.00;0.00;0.00;160.00;160.00;0.00;0.00;Приход;Упрощенная Доход.
14.01.2020 09:07;0000002465048694;9283440300095859;1316776658;13131;130.00;0.00;0.00;0.00;0.00;130.00;130.00;0.00;0.00;Приход;Упрощенная Доход.
14.01.2020 09:02;0000002465048694;9283440300095859;1738990551;13130;60.00;0.00;0.00;0.00;0.00;60.00;60.00;0.00;0.00;Приход;Упрощенная Доход.
14.01.2020 09:01;0000002465048694;9283440300095859;1583318955;13129;160.00;0.00;0.00;0.00;0.00;160.00;160.00;0.00;0.00;Приход;Упрощенная Доход.
14.01.2020 09:00;0000002465048694;9283440300095859;3787701274;13128;275.00;0.00;0.00;0.00;0.00;275.00;275.00;0.00;0.00;Приход;Упрощенная Доход.
14.01.2020 08:58;0000002465048694;9283440300095859;3866695996;13127;150.00;0.00;0.00;0.00;0.00;150.00;150.00;0.00;0.00;Приход;Упрощенная Доход.
14.01.2020 08:53;0000002465048694;9283440300095859;250716536;13126;160.00;0.00;0.00;0.00;0.00;160.00;160.00;0.00;0.00;Приход;Упрощенная Доход.
14.01.2020 08:51;0000002465048694;9283440300095859;390427762;13125;160.00;0.00;0.00;0.00;0.00;160.00;160.00;0.00;0.00;Приход;Упрощенная Доход.
14.01.2020 08:50;0000002465048694;9283440300095859;912607207;13124;180.00;0.00;0.00;0.00;0.00;180.00;180.00;0.00;0.00;Приход;Упрощенная Доход.
14.01.2020 08:48;0000002465048694;9283440300095859;3737446531;13123;75.00;0.00;0.00;0.00;0.00;75.00;75.00;0.00;0.00;Приход;Упрощенная Доход.
14.01.2020 08:47;0000002465048694;9283440300095859;2301740361;13122;160.00;0.00;0.00;0.00;0.00;160.00;160.00;0.00;0.00;Приход;Упрощенная Доход.
14.01.2020 08:45;0000002465048694;9283440300095859;262505834;13121;335.00;0.00;0.00;0.00;0.00;335.00;335.00;0.00;0.00;Приход;Упрощенная Доход.
14.01.2020 08:40;0000002465048694;9283440300095859;3159841658;13120;100.00;0.00;0.00;0.00;0.00;100.00;100.00;0.00;0.00;Приход;Упрощенная Доход.
14.01.2020 08:36;0000002465048694;9283440300095859;616962243;13119;230.00;0.00;0.00;0.00;0.00;230.00;230.00;0.00;0.00;Приход;Упрощенная Доход.
13.01.2020 15:10;0000002465048694;9283440300095859;3353842025;13116;30.00;0.00;0.00;0.00;30.00;0.00;30.00;0.00;0.00;Приход;Упрощенная Доход.
13.01.2020 15:08;0000002465048694;9283440300095859;902493283;13115;100.00;0.00;0.00;0.00;0.00;100.00;100.00;0.00;0.00;Приход;Упрощенная Доход.
13.01.2020 14:52;0000002465048694;9283440300095859;22159833;13114;370.00;0.00;0.00;0.00;0.00;370.00;370.00;0.00;0.00;Приход;Упрощенная Доход.
13.01.2020 14:26;0000002465048694;9283440300095859;2349621897;13113;275.00;0.00;0.00;0.00;0.00;275.00;275.00;0.00;0.00;Приход;Упрощенная Доход.
13.01.2020 14:07;0000002465048694;9283440300095859;1730715759;13112;130.00;0.00;0.00;0.00;0.00;130.00;130.00;0.00;0.00;Приход;Упрощенная Доход.
13.01.2020 14:02;0000002465048694;9283440300095859;1850822926;13111;180.00;0.00;0.00;0.00;0.00;180.00;180.00;0.00;0.00;Приход;Упрощенная Доход.
13.01.2020 14:01;0000002465048694;9283440300095859;3551606345;13110;120.00;0.00;0.00;0.00;0.00;120.00;120.00;0.00;0.00;Приход;Упрощенная Доход.
13.01.2020 14:00;0000002465048694;9283440300095859;3264835941;13109;200.00;0.00;0.00;0.00;0.00;200.00;200.00;0.00;0.00;Приход;Упрощенная Доход.
13.01.2020 13:58;0000002465048694;9283440300095859;3535616034;13108;130.00;0.00;0.00;0.00;0.00;130.00;130.00;0.00;0.00;Приход;Упрощенная Доход.
13.01.2020 13:14;0000002465048694;9283440300095859;841778053;13107;60.00;0.00;0.00;0.00;0.00;60.00;60.00;0.00;0.00;Приход;Упрощенная Доход.
13.01.2020 12:54;0000002465048694;9283440300095859;2406386160;13106;180.00;0.00;0.00;0.00;0.00;180.00;180.00;0.00;0.00;Приход;Упрощенная Доход.
13.01.2020 12:28;0000002465048694;9283440300095859;3286365948;13105;130.00;0.00;0.00;0.00;0.00;130.00;130.00;0.00;0.00;Приход;Упрощенная Доход.
13.01.2020 12:16;0000002465048694;9283440300095859;3104201877;13104;190.00;0.00;0.00;0.00;0.00;190.00;190.00;0.00;0.00;Приход;Упрощенная Доход.
13.01.2020 12:11;0000002465048694;9283440300095859;211582769;13103;130.00;0.00;0.00;0.00;0.00;130.00;130.00;0.00;0.00;Приход;Упрощенная Доход.
13.01.2020 11:52;0000002465048694;9283440300095859;3425326266;13102;75.00;0.00;0.00;0.00;0.00;75.00;75.00;0.00;0.00;Приход;Упрощенная Доход.
13.01.2020 11:51;0000002465048694;9283440300095859;1797283771;13101;130.00;0.00;0.00;0.00;0.00;130.00;130.00;0.00;0.00;Приход;Упрощенная Доход.
13.01.2020 11:49;0000002465048694;9283440300095859;3890465413;13100;75.00;0.00;0.00;0.00;0.00;75.00;75.00;0.00;0.00;Приход;Упрощенная Доход.
13.01.2020 11:29;0000002465048694;9283440300095859;3971832230;13099;145.00;0.00;0.00;0.00;0.00;145.00;145.00;0.00;0.00;Приход;Упрощенная Доход.
13.01.2020 11:27;0000002465048694;9283440300095859;2466320700;13098;160.00;0.00;0.00;0.00;0.00;160.00;160.00;0.00;0.00;Приход;Упрощенная Доход.
13.01.2020 11:23;0000002465048694;9283440300095859;665183737;13097;130.00;0.00;0.00;0.00;0.00;130.00;130.00;0.00;0.00;Приход;Упрощенная Доход.
13.01.2020 11:18;0000002465048694;9283440300095859;2967908383;13096;135.00;0.00;0.00;0.00;0.00;135.00;135.00;0.00;0.00;Приход;Упрощенная Доход.
13.01.2020 11:16;0000002465048694;9283440300095859;1974870716;13095;180.00;0.00;0.00;0.00;0.00;180.00;180.00;0.00;0.00;Приход;Упрощенная Доход.
13.01.2020 11:05;0000002465048694;9283440300095859;4121954640;13094;130.00;0.00;0.00;0.00;0.00;130.00;130.00;0.00;0.00;Приход;Упрощенная Доход.
13.01.2020 10:48;0000002465048694;9283440300095859;984630683;13093;220.00;0.00;0.00;0.00;0.00;220.00;220.00;0.00;0.00;Приход;Упрощенная Доход.
13.01.2020 10:46;0000002465048694;9283440300095859;2587201328;13092;160.00;0.00;0.00;0.00;0.00;160.00;160.00;0.00;0.00;Приход;Упрощенная Доход.
13.01.2020 10:44;0000002465048694;9283440300095859;3181816060;13091;340.00;0.00;0.00;0.00;0.00;340.00;340.00;0.00;0.00;Приход;Упрощенная Доход.
13.01.2020 10:43;0000002465048694;9283440300095859;1396331535;13090;190.00;0.00;0.00;0.00;0.00;190.00;190.00;0.00;0.00;Приход;Упрощенная Доход.
13.01.2020 10:41;0000002465048694;9283440300095859;2086431393;13089;160.00;0.00;0.00;0.00;0.00;160.00;160.00;0.00;0.00;Приход;Упрощенная Доход.
13.01.2020 10:40;0000002465048694;9283440300095859;3152009251;13088;130.00;0.00;0.00;0.00;0.00;130.00;130.00;0.00;0.00;Приход;Упрощенная Доход.
13.01.2020 10:38;0000002465048694;9283440300095859;1914423927;13087;190.00;0.00;0.00;0.00;0.00;190.00;190.00;0.00;0.00;Приход;Упрощенная Доход.
13.01.2020 10:37;0000002465048694;9283440300095859;3470947332;13086;130.00;0.00;0.00;0.00;0.00;130.00;130.00;0.00;0.00;Приход;Упрощенная Доход.
13.01.2020 10:35;0000002465048694;9283440300095859;1915066879;13085;75.00;0.00;0.00;0.00;0.00;75.00;75.00;0.00;0.00;Приход;Упрощенная Доход.
13.01.2020 10:33;0000002465048694;9283440300095859;1664952610;13084;235.00;0.00;0.00;0.00;0.00;235.00;235.00;0.00;0.00;Приход;Упрощенная Доход.
13.01.2020 10:32;0000002465048694;9283440300095859;885102464;13083;205.00;0.00;0.00;0.00;0.00;205.00;205.00;0.00;0.00;Приход;Упрощенная Доход.
13.01.2020 10:32;0000002465048694;9283440300095859;2006702099;13082;180.00;0.00;0.00;0.00;0.00;180.00;180.00;0.00;0.00;Приход;Упрощенная Доход.
13.01.2020 10:25;0000002465048694;9283440300095859;4036366503;13081;180.00;0.00;0.00;0.00;0.00;180.00;180.00;0.00;0.00;Приход;Упрощенная Доход.
13.01.2020 10:18;0000002465048694;9283440300095859;1611606500;13080;130.00;0.00;0.00;0.00;0.00;130.00;130.00;0.00;0.00;Приход;Упрощенная Доход.
13.01.2020 10:15;0000002465048694;9283440300095859;412777910;13079;160.00;0.00;0.00;0.00;0.00;160.00;160.00;0.00;0.00;Приход;Упрощенная Доход.
13.01.2020 10:14;0000002465048694;9283440300095859;2698412024;13078;90.00;0.00;0.00;0.00;0.00;90.00;90.00;0.00;0.00;Приход;Упрощенная Доход.
13.01.2020 10:00;0000002465048694;9283440300095859;3260272336;13077;180.00;0.00;0.00;0.00;0.00;180.00;180.00;0.00;0.00;Приход;Упрощенная Доход.
13.01.2020 09:46;0000002465048694;9283440300095859;2987341185;13076;60.00;0.00;0.00;0.00;0.00;60.00;60.00;0.00;0.00;Приход;Упрощенная Доход.
13.01.2020 09:45;0000002465048694;9283440300095859;296005430;13075;180.00;0.00;0.00;0.00;0.00;180.00;180.00;0.00;0.00;Приход;Упрощенная Доход.
13.01.2020 09:42;0000002465048694;9283440300095859;2327800289;13074;130.00;0.00;0.00;0.00;0.00;130.00;130.00;0.00;0.00;Приход;Упрощенная Доход.
13.01.2020 09:41;0000002465048694;9283440300095859;645775007;13073;160.00;0.00;0.00;0.00;0.00;160.00;160.00;0.00;0.00;Приход;Упрощенная Доход.
13.01.2020 09:40;0000002465048694;9283440300095859;3032525132;13072;75.00;0.00;0.00;0.00;0.00;75.00;75.00;0.00;0.00;Приход;Упрощенная Доход.
13.01.2020 09:39;0000002465048694;9283440300095859;107073166;13071;145.00;0.00;0.00;0.00;0.00;145.00;145.00;0.00;0.00;Приход;Упрощенная Доход.
13.01.2020 09:39;0000002465048694;9283440300095859;856472301;13070;130.00;0.00;0.00;0.00;0.00;130.00;130.00;0.00;0.00;Приход;Упрощенная Доход.
13.01.2020 09:38;0000002465048694;9283440300095859;2019595077;13069;130.00;0.00;0.00;0.00;0.00;130.00;130.00;0.00;0.00;Приход;Упрощенная Доход.
13.01.2020 09:37;0000002465048694;9283440300095859;2107761802;13068;150.00;0.00;0.00;0.00;0.00;150.00;150.00;0.00;0.00;Приход;Упрощенная Доход.
13.01.2020 09:35;0000002465048694;9283440300095859;365946843;13067;90.00;0.00;0.00;0.00;0.00;90.00;90.00;0.00;0.00;Приход;Упрощенная Доход.
13.01.2020 09:34;0000002465048694;9283440300095859;900588002;13066;180.00;0.00;0.00;0.00;0.00;180.00;180.00;0.00;0.00;Приход;Упрощенная Доход.
13.01.2020 09:28;0000002465048694;9283440300095859;315706783;13065;160.00;0.00;0.00;0.00;0.00;160.00;160.00;0.00;0.00;Приход;Упрощенная Доход.
13.01.2020 09:27;0000002465048694;9283440300095859;2271313336;13064;90.00;0.00;0.00;0.00;0.00;90.00;90.00;0.00;0.00;Приход;Упрощенная Доход.
13.01.2020 09:26;0000002465048694;9283440300095859;3698779365;13063;160.00;0.00;0.00;0.00;0.00;160.00;160.00;0.00;0.00;Приход;Упрощенная Доход.
13.01.2020 09:23;0000002465048694;9283440300095859;4024270903;13062;160.00;0.00;0.00;0.00;0.00;160.00;160.00;0.00;0.00;Приход;Упрощенная Доход.
13.01.2020 09:19;0000002465048694;9283440300095859;2994228970;13061;130.00;0.00;0.00;0.00;0.00;130.00;130.00;0.00;0.00;Приход;Упрощенная Доход.
13.01.2020 09:18;0000002465048694;9283440300095859;4230104173;13060;320.00;0.00;0.00;0.00;0.00;320.00;320.00;0.00;0.00;Приход;Упрощенная Доход.
13.01.2020 09:15;0000002465048694;9283440300095859;861280909;13059;260.00;0.00;0.00;0.00;0.00;260.00;260.00;0.00;0.00;Приход;Упрощенная Доход.
13.01.2020 09:12;0000002465048694;9283440300095859;3305396990;13058;260.00;0.00;0.00;0.00;0.00;260.00;260.00;0.00;0.00;Приход;Упрощенная Доход.
13.01.2020 09:11;0000002465048694;9283440300095859;4048533464;13057;160.00;0.00;0.00;0.00;0.00;160.00;160.00;0.00;0.00;Приход;Упрощенная Доход.
13.01.2020 09:06;0000002465048694;9283440300095859;2264145253;13056;130.00;0.00;0.00;0.00;0.00;130.00;130.00;0.00;0.00;Приход;Упрощенная Доход.
13.01.2020 09:05;0000002465048694;9283440300095859;2227311416;13055;160.00;0.00;0.00;0.00;0.00;160.00;160.00;0.00;0.00;Приход;Упрощенная Доход.
13.01.2020 09:03;0000002465048694;9283440300095859;2698650427;13054;275.00;0.00;0.00;0.00;0.00;275.00;275.00;0.00;0.00;Приход;Упрощенная Доход.
13.01.2020 09:00;0000002465048694;9283440300095859;4039420100;13053;150.00;0.00;0.00;0.00;0.00;150.00;150.00;0.00;0.00;Приход;Упрощенная Доход.
13.01.2020 08:59;0000002465048694;9283440300095859;2475854049;13052;180.00;0.00;0.00;0.00;0.00;180.00;180.00;0.00;0.00;Приход;Упрощенная Доход.
13.01.2020 08:58;0000002465048694;9283440300095859;1745457357;13051;175.00;0.00;0.00;0.00;0.00;175.00;175.00;0.00;0.00;Приход;Упрощенная Доход.
13.01.2020 08:57;0000002465048694;9283440300095859;1964662009;13050;175.00;0.00;0.00;0.00;0.00;175.00;175.00;0.00;0.00;Приход;Упрощенная Доход.
13.01.2020 08:55;0000002465048694;9283440300095859;3805395407;13049;130.00;0.00;0.00;0.00;0.00;130.00;130.00;0.00;0.00;Приход;Упрощенная Доход.
13.01.2020 08:54;0000002465048694;9283440300095859;1512508965;13048;160.00;0.00;0.00;0.00;0.00;160.00;160.00;0.00;0.00;Приход;Упрощенная Доход.
13.01.2020 08:53;0000002465048694;9283440300095859;4262199705;13047;150.00;0.00;0.00;0.00;0.00;150.00;150.00;0.00;0.00;Приход;Упрощенная Доход.
13.01.2020 08:50;0000002465048694;9283440300095859;3189211380;13046;180.00;0.00;0.00;0.00;0.00;180.00;180.00;0.00;0.00;Приход;Упрощенная Доход.
13.01.2020 08:49;0000002465048694;9283440300095859;1014507343;13045;60.00;0.00;0.00;0.00;0.00;60.00;60.00;0.00;0.00;Приход;Упрощенная Доход.
13.01.2020 08:49;0000002465048694;9283440300095859;3957435732;13044;75.00;0.00;0.00;0.00;0.00;75.00;75.00;0.00;0.00;Приход;Упрощенная Доход.
13.01.2020 08:48;0000002465048694;9283440300095859;141714938;13043;75.00;0.00;0.00;0.00;0.00;75.00;75.00;0.00;0.00;Приход;Упрощенная Доход.
13.01.2020 08:44;0000002465048694;9283440300095859;1810950616;13042;180.00;0.00;0.00;0.00;0.00;180.00;180.00;0.00;0.00;Приход;Упрощенная Доход.
13.01.2020 08:42;0000002465048694;9283440300095859;2271824624;13041;210.00;0.00;0.00;0.00;0.00;210.00;210.00;0.00;0.00;Приход;Упрощенная Доход.
13.01.2020 08:41;0000002465048694;9283440300095859;4225656109;13040;160.00;0.00;0.00;0.00;0.00;160.00;160.00;0.00;0.00;Приход;Упрощенная Доход.
13.01.2020 08:35;0000002465048694;9283440300095859;2065269731;13039;335.00;0.00;0.00;0.00;0.00;335.00;335.00;0.00;0.00;Приход;Упрощенная Доход.
13.01.2020 08:32;0000002465048694;9283440300095859;3319083572;13038;90.00;0.00;0.00;0.00;0.00;90.00;90.00;0.00;0.00;Приход;Упрощенная Доход.
13.01.2020 08:31;0000002465048694;9283440300095859;2572663053;13037;100.00;0.00;0.00;0.00;0.00;100.00;100.00;0.00;0.00;Приход;Упрощенная Доход.
13.01.2020 08:29;0000002465048694;9283440300095859;2766591768;13036;160.00;0.00;0.00;0.00;0.00;160.00;160.00;0.00;0.00;Приход;Упрощенная Доход.
13.01.2020 08:24;0000002465048694;9283440300095859;3665801623;13035;230.00;0.00;0.00;0.00;0.00;230.00;230.00;0.00;0.00;Приход;Упрощенная Доход.
