07.02.2020 15:40;0000002465048694;9283440300095859;2352339080;14324;200.00;0.00;0.00;0.00;200.00;0.00;200.00;0.00;0.00;Приход;Упрощенная Доход.
07.02.2020 15:11;0000002465048694;9283440300095859;1930406969;14323;150.00;0.00;0.00;0.00;0.00;150.00;150.00;0.00;0.00;Приход;Упрощенная Доход.
07.02.2020 14:54;0000002465048694;9283440300095859;1928594964;14322;160.00;0.00;0.00;0.00;0.00;160.00;160.00;0.00;0.00;Приход;Упрощенная Доход.
07.02.2020 14:27;0000002465048694;9283440300095859;1313141864;14321;100.00;0.00;0.00;0.00;0.00;100.00;100.00;0.00;0.00;Приход;Упрощенная Доход.
07.02.2020 14:03;0000002465048694;9283440300095859;1042275258;14320;135.00;0.00;0.00;0.00;0.00;135.00;135.00;0.00;0.00;Приход;Упрощенная Доход.
07.02.2020 13:54;0000002465048694;9283440300095859;16795262;14319;130.00;0.00;0.00;0.00;0.00;130.00;130.00;0.00;0.00;Приход;Упрощенная Доход.
07.02.2020 13:52;0000002465048694;9283440300095859;3545543399;14318;60.00;0.00;0.00;0.00;0.00;60.00;60.00;0.00;0.00;Приход;Упрощенная Доход.
07.02.2020 13:51;0000002465048694;9283440300095859;919514927;14317;135.00;0.00;0.00;0.00;0.00;135.00;135.00;0.00;0.00;Приход;Упрощенная Доход.
07.02.2020 13:25;0000002465048694;9283440300095859;402995968;14316;130.00;0.00;0.00;0.00;0.00;130.00;130.00;0.00;0.00;Приход;Упрощенная Доход.
07.02.2020 13:21;0000002465048694;9283440300095859;998224151;14315;130.00;0.00;0.00;0.00;0.00;130.00;130.00;0.00;0.00;Приход;Упрощенная Доход.
07.02.2020 13:19;0000002465048694;9283440300095859;2940880817;14314;130.00;0.00;0.00;0.00;0.00;130.00;130.00;0.00;0.00;Приход;Упрощенная Доход.
07.02.2020 12:50;0000002465048694;9283440300095859;3318029116;14313;145.00;0.00;0.00;0.00;0.00;145.00;145.00;0.00;0.00;Приход;Упрощенная Доход.
07.02.2020 12:46;0000002465048694;9283440300095859;1619642158;14312;160.00;0.00;0.00;0.00;0.00;160.00;160.00;0.00;0.00;Приход;Упрощенная Доход.
07.02.2020 12:40;0000002465048694;9283440300095859;3664571081;14311;160.00;0.00;0.00;0.00;0.00;160.00;160.00;0.00;0.00;Приход;Упрощенная Доход.
07.02.2020 12:31;0000002465048694;9283440300095859;2095050156;14310;160.00;0.00;0.00;0.00;0.00;160.00;160.00;0.00;0.00;Приход;Упрощенная Доход.
07.02.2020 12:28;0000002465048694;9283440300095859;3008933229;14309;75.00;0.00;0.00;0.00;0.00;75.00;75.00;0.00;0.00;Приход;Упрощенная Доход.
07.02.2020 12:28;0000002465048694;9283440300095859;2416101990;14308;230.00;0.00;0.00;0.00;0.00;230.00;230.00;0.00;0.00;Приход;Упрощенная Доход.
07.02.2020 12:18;0000002465048694;9283440300095859;3090115565;14307;150.00;0.00;0.00;0.00;0.00;150.00;150.00;0.00;0.00;Приход;Упрощенная Доход.
07.02.2020 11:59;0000002465048694;9283440300095859;2154594294;14306;130.00;0.00;0.00;0.00;0.00;130.00;130.00;0.00;0.00;Приход;Упрощенная Доход.
07.02.2020 10:51;0000002465048694;9283440300095859;228103933;14305;160.00;0.00;0.00;0.00;0.00;160.00;160.00;0.00;0.00;Приход;Упрощенная Доход.
07.02.2020 10:40;0000002465048694;9283440300095859;1420817201;14304;160.00;0.00;0.00;0.00;0.00;160.00;160.00;0.00;0.00;Приход;Упрощенная Доход.
07.02.2020 10:38;0000002465048694;9283440300095859;2128537707;14303;190.00;0.00;0.00;0.00;0.00;190.00;190.00;0.00;0.00;Приход;Упрощенная Доход.
07.02.2020 10:37;0000002465048694;9283440300095859;2910302324;14302;160.00;0.00;0.00;0.00;0.00;160.00;160.00;0.00;0.00;Приход;Упрощенная Доход.
07.02.2020 10:33;0000002465048694;9283440300095859;759441299;14301;140.00;0.00;0.00;0.00;0.00;140.00;140.00;0.00;0.00;Приход;Упрощенная Доход.
07.02.2020 10:29;0000002465048694;9283440300095859;1209096352;14300;130.00;0.00;0.00;0.00;0.00;130.00;130.00;0.00;0.00;Приход;Упрощенная Доход.
07.02.2020 10:28;0000002465048694;9283440300095859;3758505781;14299;150.00;0.00;0.00;0.00;0.00;150.00;150.00;0.00;0.00;Приход;Упрощенная Доход.
07.02.2020 10:26;0000002465048694;9283440300095859;3564233961;14298;200.00;0.00;0.00;0.00;0.00;200.00;200.00;0.00;0.00;Приход;Упрощенная Доход.
07.02.2020 10:16;0000002465048694;9283440300095859;807808901;14297;280.00;0.00;0.00;0.00;0.00;280.00;280.00;0.00;0.00;Приход;Упрощенная Доход.
07.02.2020 10:09;0000002465048694;9283440300095859;864686165;14296;180.00;0.00;0.00;0.00;0.00;180.00;180.00;0.00;0.00;Приход;Упрощенная Доход.
07.02.2020 10:03;0000002465048694;9283440300095859;3492931796;14295;165.00;0.00;0.00;0.00;0.00;165.00;165.00;0.00;0.00;Приход;Упрощенная Доход.
07.02.2020 10:01;0000002465048694;9283440300095859;1562174478;14294;190.00;0.00;0.00;0.00;0.00;190.00;190.00;0.00;0.00;Приход;Упрощенная Доход.
07.02.2020 10:00;0000002465048694;9283440300095859;3930971054;14293;205.00;0.00;0.00;0.00;0.00;205.00;205.00;0.00;0.00;Приход;Упрощенная Доход.
07.02.2020 09:59;0000002465048694;9283440300095859;3859156806;14292;90.00;0.00;0.00;0.00;0.00;90.00;90.00;0.00;0.00;Приход;Упрощенная Доход.
07.02.2020 09:58;0000002465048694;9283440300095859;726383502;14291;265.00;0.00;0.00;0.00;0.00;265.00;265.00;0.00;0.00;Приход;Упрощенная Доход.
07.02.2020 09:53;0000002465048694;9283440300095859;957950020;14290;130.00;0.00;0.00;0.00;0.00;130.00;130.00;0.00;0.00;Приход;Упрощенная Доход.
07.02.2020 09:51;0000002465048694;9283440300095859;4181775244;14289;190.00;0.00;0.00;0.00;0.00;190.00;190.00;0.00;0.00;Приход;Упрощенная Доход.
07.02.2020 09:50;0000002465048694;9283440300095859;3871555336;14288;60.00;0.00;0.00;0.00;0.00;60.00;60.00;0.00;0.00;Приход;Упрощенная Доход.
07.02.2020 09:48;0000002465048694;9283440300095859;1331317654;14287;130.00;0.00;0.00;0.00;0.00;130.00;130.00;0.00;0.00;Приход;Упрощенная Доход.
07.02.2020 09:47;0000002465048694;9283440300095859;2754235949;14286;130.00;0.00;0.00;0.00;0.00;130.00;130.00;0.00;0.00;Приход;Упрощенная Доход.
07.02.2020 09:46;0000002465048694;9283440300095859;538009309;14285;145.00;0.00;0.00;0.00;0.00;145.00;145.00;0.00;0.00;Приход;Упрощенная Доход.
07.02.2020 09:41;0000002465048694;9283440300095859;3651752756;14284;120.00;0.00;0.00;0.00;0.00;120.00;120.00;0.00;0.00;Приход;Упрощенная Доход.
07.02.2020 09:40;0000002465048694;9283440300095859;3234455986;14283;210.00;0.00;0.00;0.00;0.00;210.00;210.00;0.00;0.00;Приход;Упрощенная Доход.
07.02.2020 09:36;0000002465048694;9283440300095859;4135963611;14282;230.00;0.00;0.00;0.00;0.00;230.00;230.00;0.00;0.00;Приход;Упрощенная Доход.
07.02.2020 09:35;0000002465048694;9283440300095859;693577908;14281;90.00;0.00;0.00;0.00;0.00;90.00;90.00;0.00;0.00;Приход;Упрощенная Доход.
07.02.2020 09:33;0000002465048694;9283440300095859;4122720378;14280;160.00;0.00;0.00;0.00;0.00;160.00;160.00;0.00;0.00;Приход;Упрощенная Доход.
07.02.2020 09:28;0000002465048694;9283440300095859;3799125880;14279;300.00;0.00;0.00;0.00;0.00;300.00;300.00;0.00;0.00;Приход;Упрощенная Доход.
07.02.2020 09:27;0000002465048694;9283440300095859;3076263656;14278;100.00;0.00;0.00;0.00;0.00;100.00;100.00;0.00;0.00;Приход;Упрощенная Доход.
07.02.2020 09:22;0000002465048694;9283440300095859;4030243227;14277;160.00;0.00;0.00;0.00;0.00;160.00;160.00;0.00;0.00;Приход;Упрощенная Доход.
07.02.2020 09:17;0000002465048694;9283440300095859;1216411807;14276;340.00;0.00;0.00;0.00;0.00;340.00;340.00;0.00;0.00;Приход;Упрощенная Доход.
07.02.2020 09:16;0000002465048694;9283440300095859;2224016022;14275;90.00;0.00;0.00;0.00;0.00;90.00;90.00;0.00;0.00;Приход;Упрощенная Доход.
07.02.2020 09:14;0000002465048694;9283440300095859;1089963326;14274;130.00;0.00;0.00;0.00;0.00;130.00;130.00;0.00;0.00;Приход;Упрощенная Доход.
07.02.2020 09:09;0000002465048694;9283440300095859;1507873710;14273;150.00;0.00;0.00;0.00;0.00;150.00;150.00;0.00;0.00;Приход;Упрощенная Доход.
07.02.2020 09:06;0000002465048694;9283440300095859;2193463321;14272;130.00;0.00;0.00;0.00;0.00;130.00;130.00;0.00;0.00;Приход;Упрощенная Доход.
07.02.2020 09:04;0000002465048694;9283440300095859;465452432;14271;220.00;0.00;0.00;0.00;0.00;220.00;220.00;0.00;0.00;Приход;Упрощенная Доход.
07.02.2020 09:01;0000002465048694;9283440300095859;3640611853;14270;130.00;0.00;0.00;0.00;0.00;130.00;130.00;0.00;0.00;Приход;Упрощенная Доход.
07.02.2020 08:58;0000002465048694;9283440300095859;4221576201;14269;180.00;0.00;0.00;0.00;0.00;180.00;180.00;0.00;0.00;Приход;Упрощенная Доход.
07.02.2020 08:56;0000002465048694;9283440300095859;1371622587;14268;195.00;0.00;0.00;0.00;0.00;195.00;195.00;0.00;0.00;Приход;Упрощенная Доход.
07.02.2020 08:55;0000002465048694;9283440300095859;1442111985;14267;195.00;0.00;0.00;0.00;0.00;195.00;195.00;0.00;0.00;Приход;Упрощенная Доход.
07.02.2020 08:53;0000002465048694;9283440300095859;856960112;14266;320.00;0.00;0.00;0.00;0.00;320.00;320.00;0.00;0.00;Приход;Упрощенная Доход.
07.02.2020 08:47;0000002465048694;9283440300095859;3008933466;14265;180.00;0.00;0.00;0.00;0.00;180.00;180.00;0.00;0.00;Приход;Упрощенная Доход.
07.02.2020 08:45;0000002465048694;9283440300095859;4194336292;14264;150.00;0.00;0.00;0.00;0.00;150.00;150.00;0.00;0.00;Приход;Упрощенная Доход.
06.02.2020 15:27;0000002465048694;9283440300095859;4205628432;14261;180.00;0.00;0.00;0.00;0.00;180.00;180.00;0.00;0.00;Приход;Упрощенная Доход.
06.02.2020 15:21;0000002465048694;9283440300095859;3132102306;14260;180.00;0.00;0.00;0.00;0.00;180.00;180.00;0.00;0.00;Приход;Упрощенная Доход.
06.02.2020 15:20;0000002465048694;9283440300095859;2102576763;14259;310.00;0.00;0.00;0.00;0.00;310.00;310.00;0.00;0.00;Приход;Упрощенная Доход.
06.02.2020 14:43;0000002465048694;9283440300095859;1422327711;14258;135.00;0.00;0.00;0.00;0.00;135.00;135.00;0.00;0.00;Приход;Упрощенная Доход.
06.02.2020 14:32;0000002465048694;9283440300095859;1811145310;14257;180.00;0.00;0.00;0.00;0.00;180.00;180.00;0.00;0.00;Приход;Упрощенная Доход.
06.02.2020 14:32;0000002465048694;9283440300095859;797673574;14256;50.00;0.00;0.00;0.00;0.00;50.00;50.00;0.00;0.00;Приход;Упрощенная Доход.
06.02.2020 14:14;0000002465048694;9283440300095859;3477984336;14255;50.00;0.00;0.00;0.00;0.00;50.00;50.00;0.00;0.00;Приход;Упрощенная Доход.
06.02.2020 13:28;0000002465048694;9283440300095859;1048924469;14254;180.00;0.00;0.00;0.00;0.00;180.00;180.00;0.00;0.00;Приход;Упрощенная Доход.
06.02.2020 13:04;0000002465048694;9283440300095859;2561511603;14253;100.00;0.00;0.00;0.00;0.00;100.00;100.00;0.00;0.00;Приход;Упрощенная Доход.
06.02.2020 12:46;0000002465048694;9283440300095859;2747164586;14252;160.00;0.00;0.00;0.00;0.00;160.00;160.00;0.00;0.00;Приход;Упрощенная Доход.
06.02.2020 12:39;0000002465048694;9283440300095859;3606641034;14251;130.00;0.00;0.00;0.00;0.00;130.00;130.00;0.00;0.00;Приход;Упрощенная Доход.
06.02.2020 12:28;0000002465048694;9283440300095859;3625745751;14250;130.00;0.00;0.00;0.00;0.00;130.00;130.00;0.00;0.00;Приход;Упрощенная Доход.
06.02.2020 12:21;0000002465048694;9283440300095859;1294470370;14249;150.00;0.00;0.00;0.00;0.00;150.00;150.00;0.00;0.00;Приход;Упрощенная Доход.
06.02.2020 12:02;0000002465048694;9283440300095859;292549772;14248;145.00;0.00;0.00;0.00;0.00;145.00;145.00;0.00;0.00;Приход;Упрощенная Доход.
06.02.2020 11:58;0000002465048694;9283440300095859;3796000719;14247;60.00;0.00;0.00;0.00;0.00;60.00;60.00;0.00;0.00;Приход;Упрощенная Доход.
06.02.2020 11:58;0000002465048694;9283440300095859;239642430;14246;180.00;0.00;0.00;0.00;0.00;180.00;180.00;0.00;0.00;Приход;Упрощенная Доход.
06.02.2020 11:49;0000002465048694;9283440300095859;3341422009;14245;100.00;0.00;0.00;0.00;0.00;100.00;100.00;0.00;0.00;Приход;Упрощенная Доход.
06.02.2020 10:44;0000002465048694;9283440300095859;275799042;14244;180.00;0.00;0.00;0.00;0.00;180.00;180.00;0.00;0.00;Приход;Упрощенная Доход.
06.02.2020 10:40;0000002465048694;9283440300095859;1830118425;14243;350.00;0.00;0.00;0.00;350.00;0.00;350.00;0.00;0.00;Приход;Упрощенная Доход.
06.02.2020 10:39;0000002465048694;9283440300095859;4280859083;14242;30.00;0.00;0.00;0.00;0.00;30.00;30.00;0.00;0.00;Приход;Упрощенная Доход.
06.02.2020 10:37;0000002465048694;9283440300095859;654699025;14241;250.00;0.00;0.00;0.00;0.00;250.00;250.00;0.00;0.00;Приход;Упрощенная Доход.
06.02.2020 10:35;0000002465048694;9283440300095859;260344959;14240;260.00;0.00;0.00;0.00;0.00;260.00;260.00;0.00;0.00;Приход;Упрощенная Доход.
06.02.2020 10:34;0000002465048694;9283440300095859;4185298383;14239;160.00;0.00;0.00;0.00;0.00;160.00;160.00;0.00;0.00;Приход;Упрощенная Доход.
06.02.2020 10:31;0000002465048694;9283440300095859;4065147724;14238;190.00;0.00;0.00;0.00;0.00;190.00;190.00;0.00;0.00;Приход;Упрощенная Доход.
06.02.2020 10:29;0000002465048694;9283440300095859;2575666448;14237;90.00;0.00;0.00;0.00;0.00;90.00;90.00;0.00;0.00;Приход;Упрощенная Доход.
06.02.2020 10:25;0000002465048694;9283440300095859;4076384817;14236;210.00;0.00;0.00;0.00;0.00;210.00;210.00;0.00;0.00;Приход;Упрощенная Доход.
06.02.2020 10:13;0000002465048694;9283440300095859;1542970373;14235;180.00;0.00;0.00;0.00;0.00;180.00;180.00;0.00;0.00;Приход;Упрощенная Доход.
06.02.2020 10:10;0000002465048694;9283440300095859;22177433;14234;75.00;0.00;0.00;0.00;0.00;75.00;75.00;0.00;0.00;Приход;Упрощенная Доход.
06.02.2020 10:07;0000002465048694;9283440300095859;1652599066;14233;160.00;0.00;0.00;0.00;0.00;160.00;160.00;0.00;0.00;Приход;Упрощенная Доход.
06.02.2020 09:56;0000002465048694;9283440300095859;754508900;14232;130.00;0.00;0.00;0.00;0.00;130.00;130.00;0.00;0.00;Приход;Упрощенная Доход.
06.02.2020 09:54;0000002465048694;9283440300095859;2522606101;14231;160.00;0.00;0.00;0.00;0.00;160.00;160.00;0.00;0.00;Приход;Упрощенная Доход.
06.02.2020 09:53;0000002465048694;9283440300095859;740788013;14230;130.00;0.00;0.00;0.00;0.00;130.00;130.00;0.00;0.00;Приход;Упрощенная Доход.
06.02.2020 09:50;0000002465048694;9283440300095859;3213131901;14229;130.00;0.00;0.00;0.00;0.00;130.00;130.00;0.00;0.00;Приход;Упрощенная Доход.
06.02.2020 09:41;0000002465048694;9283440300095859;3633024978;14228;75.00;0.00;0.00;0.00;0.00;75.00;75.00;0.00;0.00;Приход;Упрощенная Доход.
06.02.2020 09:40;0000002465048694;9283440300095859;4233544837;14227;140.00;0.00;0.00;0.00;0.00;140.00;140.00;0.00;0.00;Приход;Упрощенная Доход.
06.02.2020 09:38;0000002465048694;9283440300095859;2936676240;14226;160.00;0.00;0.00;0.00;0.00;160.00;160.00;0.00;0.00;Приход;Упрощенная Доход.
06.02.2020 09:37;0000002465048694;9283440300095859;606901195;14225;160.00;0.00;0.00;0.00;0.00;160.00;160.00;0.00;0.00;Приход;Упрощенная Доход.
06.02.2020 09:34;0000002465048694;9283440300095859;3266783081;14224;90.00;0.00;0.00;0.00;0.00;90.00;90.00;0.00;0.00;Приход;Упрощенная Доход.
06.02.2020 09:32;0000002465048694;9283440300095859;2657252740;14223;205.00;0.00;0.00;0.00;0.00;205.00;205.00;0.00;0.00;Приход;Упрощенная Доход.
06.02.2020 09:30;0000002465048694;9283440300095859;2168189888;14222;150.00;0.00;0.00;0.00;0.00;150.00;150.00;0.00;0.00;Приход;Упрощенная Доход.
06.02.2020 09:20;0000002465048694;9283440300095859;1492960944;14221;180.00;0.00;0.00;0.00;0.00;180.00;180.00;0.00;0.00;Приход;Упрощенная Доход.
06.02.2020 09:19;0000002465048694;9283440300095859;1466996123;14220;130.00;0.00;0.00;0.00;0.00;130.00;130.00;0.00;0.00;Приход;Упрощенная Доход.
06.02.2020 09:18;0000002465048694;9283440300095859;706714608;14219;150.00;0.00;0.00;0.00;0.00;150.00;150.00;0.00;0.00;Приход;Упрощенная Доход.
06.02.2020 09:15;0000002465048694;9283440300095859;2419502306;14218;130.00;0.00;0.00;0.00;0.00;130.00;130.00;0.00;0.00;Приход;Упрощенная Доход.
06.02.2020 09:11;0000002465048694;9283440300095859;3775682088;14217;75.00;0.00;0.00;0.00;0.00;75.00;75.00;0.00;0.00;Приход;Упрощенная Доход.
06.02.2020 09:09;0000002465048694;9283440300095859;1322391480;14216;180.00;0.00;0.00;0.00;0.00;180.00;180.00;0.00;0.00;Приход;Упрощенная Доход.
06.02.2020 09:08;0000002465048694;9283440300095859;2097698694;14215;130.00;0.00;0.00;0.00;0.00;130.00;130.00;0.00;0.00;Приход;Упрощенная Доход.
06.02.2020 09:04;0000002465048694;9283440300095859;2191860459;14214;130.00;0.00;0.00;0.00;0.00;130.00;130.00;0.00;0.00;Приход;Упрощенная Доход.
06.02.2020 09:01;0000002465048694;9283440300095859;101352880;14213;150.00;0.00;0.00;0.00;0.00;150.00;150.00;0.00;0.00;Приход;Упрощенная Доход.
06.02.2020 08:58;0000002465048694;9283440300095859;2256524041;14212;90.00;0.00;0.00;0.00;0.00;90.00;90.00;0.00;0.00;Приход;Упрощенная Доход.
06.02.2020 08:57;0000002465048694;9283440300095859;3862398735;14211;75.00;0.00;0.00;0.00;0.00;75.00;75.00;0.00;0.00;Приход;Упрощенная Доход.
06.02.2020 08:56;0000002465048694;9283440300095859;272996855;14210;240.00;0.00;0.00;0.00;0.00;240.00;240.00;0.00;0.00;Приход;Упрощенная Доход.
06.02.2020 08:55;0000002465048694;9283440300095859;2672815990;14209;210.00;0.00;0.00;0.00;0.00;210.00;210.00;0.00;0.00;Приход;Упрощенная Доход.
06.02.2020 08:53;0000002465048694;9283440300095859;3826151013;14208;270.00;0.00;0.00;0.00;0.00;270.00;270.00;0.00;0.00;Приход;Упрощенная Доход.
06.02.2020 08:49;0000002465048694;9283440300095859;2304532176;14207;130.00;0.00;0.00;0.00;0.00;130.00;130.00;0.00;0.00;Приход;Упрощенная Доход.
06.02.2020 08:34;0000002465048694;9283440300095859;350466495;14206;160.00;0.00;0.00;0.00;0.00;160.00;160.00;0.00;0.00;Приход;Упрощенная Доход.
06.02.2020 08:33;0000002465048694;9283440300095859;1158679979;14205;75.00;0.00;0.00;0.00;0.00;75.00;75.00;0.00;0.00;Приход;Упрощенная Доход.
06.02.2020 08:32;0000002465048694;9283440300095859;3153650721;14204;335.00;0.00;0.00;0.00;0.00;335.00;335.00;0.00;0.00;Приход;Упрощенная Доход.
06.02.2020 08:30;0000002465048694;9283440300095859;3716244072;14203;75.00;0.00;0.00;0.00;0.00;75.00;75.00;0.00;0.00;Приход;Упрощенная Доход.
06.02.2020 08:29;0000002465048694;9283440300095859;42462119;14202;160.00;0.00;0.00;0.00;0.00;160.00;160.00;0.00;0.00;Приход;Упрощенная Доход.
05.02.2020 15:17;0000002465048694;9283440300095859;1298907481;14199;260.00;0.00;0.00;0.00;0.00;260.00;260.00;0.00;0.00;Приход;Упрощенная Доход.
05.02.2020 15:12;0000002465048694;9283440300095859;2965269163;14198;100.00;0.00;0.00;0.00;0.00;100.00;100.00;0.00;0.00;Приход;Упрощенная Доход.
05.02.2020 15:10;0000002465048694;9283440300095859;2197210127;14197;210.00;0.00;0.00;0.00;0.00;210.00;210.00;0.00;0.00;Приход;Упрощенная Доход.
05.02.2020 15:03;0000002465048694;9283440300095859;3290013730;14196;240.00;0.00;0.00;0.00;0.00;240.00;240.00;0.00;0.00;Приход;Упрощенная Доход.
05.02.2020 15:02;0000002465048694;9283440300095859;3019306458;14195;130.00;0.00;0.00;0.00;0.00;130.00;130.00;0.00;0.00;Приход;Упрощенная Доход.
05.02.2020 14:55;0000002465048694;9283440300095859;587886115;14194;180.00;0.00;0.00;0.00;0.00;180.00;180.00;0.00;0.00;Приход;Упрощенная Доход.
05.02.2020 14:43;0000002465048694;9283440300095859;1261020963;14193;30.00;0.00;0.00;0.00;30.00;0.00;30.00;0.00;0.00;Приход;Упрощенная Доход.
05.02.2020 14:41;0000002465048694;9283440300095859;1536739576;14192;135.00;0.00;0.00;0.00;0.00;135.00;135.00;0.00;0.00;Приход;Упрощенная Доход.
05.02.2020 14:40;0000002465048694;9283440300095859;3807393861;14191;130.00;0.00;0.00;0.00;0.00;130.00;130.00;0.00;0.00;Приход;Упрощенная Доход.
05.02.2020 14:17;0000002465048694;9283440300095859;3987555370;14190;130.00;0.00;0.00;0.00;0.00;130.00;130.00;0.00;0.00;Приход;Упрощенная Доход.
05.02.2020 13:54;0000002465048694;9283440300095859;1800629926;14189;130.00;0.00;0.00;0.00;0.00;130.00;130.00;0.00;0.00;Приход;Упрощенная Доход.
05.02.2020 13:49;0000002465048694;9283440300095859;628729209;14188;160.00;0.00;0.00;0.00;0.00;160.00;160.00;0.00;0.00;Приход;Упрощенная Доход.
05.02.2020 13:41;0000002465048694;9283440300095859;1841780348;14187;160.00;0.00;0.00;0.00;0.00;160.00;160.00;0.00;0.00;Приход;Упрощенная Доход.
05.02.2020 13:39;0000002465048694;9283440300095859;1953527289;14186;160.00;0.00;0.00;0.00;0.00;160.00;160.00;0.00;0.00;Приход;Упрощенная Доход.
05.02.2020 13:04;0000002465048694;9283440300095859;1438066119;14185;160.00;0.00;0.00;0.00;0.00;160.00;160.00;0.00;0.00;Приход;Упрощенная Доход.
05.02.2020 13:04;0000002465048694;9283440300095859;3344038367;14184;180.00;0.00;0.00;0.00;0.00;180.00;180.00;0.00;0.00;Приход;Упрощенная Доход.
05.02.2020 12:28;0000002465048694;9283440300095859;2862744570;14183;75.00;0.00;0.00;0.00;0.00;75.00;75.00;0.00;0.00;Приход;Упрощенная Доход.
05.02.2020 12:23;0000002465048694;9283440300095859;2530559298;14182;160.00;0.00;0.00;0.00;160.00;0.00;160.00;0.00;0.00;Приход;Упрощенная Доход.
05.02.2020 12:09;0000002465048694;9283440300095859;432435264;14181;145.00;0.00;0.00;0.00;0.00;145.00;145.00;0.00;0.00;Приход;Упрощенная Доход.
05.02.2020 11:51;0000002465048694;9283440300095859;2220786080;14180;150.00;0.00;0.00;0.00;0.00;150.00;150.00;0.00;0.00;Приход;Упрощенная Доход.
05.02.2020 11:50;0000002465048694;9283440300095859;3595183033;14179;200.00;0.00;0.00;0.00;0.00;200.00;200.00;0.00;0.00;Приход;Упрощенная Доход.
05.02.2020 11:47;0000002465048694;9283440300095859;2796088683;14178;150.00;0.00;0.00;0.00;0.00;150.00;150.00;0.00;0.00;Приход;Упрощенная Доход.
05.02.2020 11:35;0000002465048694;9283440300095859;2016803056;14177;260.00;0.00;0.00;0.00;0.00;260.00;260.00;0.00;0.00;Приход;Упрощенная Доход.
05.02.2020 10:08;0000002465048694;9283440300095859;479794630;14176;60.00;0.00;0.00;0.00;0.00;60.00;60.00;0.00;0.00;Приход;Упрощенная Доход.
05.02.2020 10:07;0000002465048694;9283440300095859;317011734;14175;190.00;0.00;0.00;0.00;0.00;190.00;190.00;0.00;0.00;Приход;Упрощенная Доход.
05.02.2020 10:03;0000002465048694;9283440300095859;100521326;14174;180.00;0.00;0.00;0.00;0.00;180.00;180.00;0.00;0.00;Приход;Упрощенная Доход.
05.02.2020 10:02;0000002465048694;9283440300095859;3856351346;14173;150.00;0.00;0.00;0.00;0.00;150.00;150.00;0.00;0.00;Приход;Упрощенная Доход.
05.02.2020 09:59;0000002465048694;9283440300095859;3830826585;14172;160.00;0.00;0.00;0.00;0.00;160.00;160.00;0.00;0.00;Приход;Упрощенная Доход.
05.02.2020 09:59;0000002465048694;9283440300095859;2136437750;14171;90.00;0.00;0.00;0.00;0.00;90.00;90.00;0.00;0.00;Приход;Упрощенная Доход.
05.02.2020 09:58;0000002465048694;9283440300095859;1946129020;14170;90.00;0.00;0.00;0.00;0.00;90.00;90.00;0.00;0.00;Приход;Упрощенная Доход.
05.02.2020 09:48;0000002465048694;9283440300095859;3581217025;14169;260.00;0.00;0.00;0.00;0.00;260.00;260.00;0.00;0.00;Приход;Упрощенная Доход.
05.02.2020 09:42;0000002465048694;9283440300095859;2423053242;14168;160.00;0.00;0.00;0.00;0.00;160.00;160.00;0.00;0.00;Приход;Упрощенная Доход.
05.02.2020 09:36;0000002465048694;9283440300095859;3955335736;14167;90.00;0.00;0.00;0.00;0.00;90.00;90.00;0.00;0.00;Приход;Упрощенная Доход.
05.02.2020 09:27;0000002465048694;9283440300095859;2404303050;14166;170.00;0.00;0.00;0.00;0.00;170.00;170.00;0.00;0.00;Приход;Упрощенная Доход.
05.02.2020 09:22;0000002465048694;9283440300095859;1738352139;14165;210.00;0.00;0.00;0.00;0.00;210.00;210.00;0.00;0.00;Приход;Упрощенная Доход.
05.02.2020 09:22;0000002465048694;9283440300095859;1018245294;14164;150.00;0.00;0.00;0.00;0.00;150.00;150.00;0.00;0.00;Приход;Упрощенная Доход.
05.02.2020 09:21;0000002465048694;9283440300095859;1695003995;14163;150.00;0.00;0.00;0.00;0.00;150.00;150.00;0.00;0.00;Приход;Упрощенная Доход.
05.02.2020 09:21;0000002465048694;9283440300095859;391216402;14162;160.00;0.00;0.00;0.00;0.00;160.00;160.00;0.00;0.00;Приход;Упрощенная Доход.
05.02.2020 09:20;0000002465048694;9283440300095859;2332263174;14161;240.00;0.00;0.00;0.00;0.00;240.00;240.00;0.00;0.00;Приход;Упрощенная Доход.
05.02.2020 09:15;0000002465048694;9283440300095859;328904960;14160;130.00;0.00;0.00;0.00;0.00;130.00;130.00;0.00;0.00;Приход;Упрощенная Доход.
05.02.2020 09:13;0000002465048694;9283440300095859;2604960792;14159;160.00;0.00;0.00;0.00;0.00;160.00;160.00;0.00;0.00;Приход;Упрощенная Доход.
05.02.2020 09:10;0000002465048694;9283440300095859;4130244415;14158;75.00;0.00;0.00;0.00;0.00;75.00;75.00;0.00;0.00;Приход;Упрощенная Доход.
05.02.2020 09:08;0000002465048694;9283440300095859;2379655269;14157;180.00;0.00;0.00;0.00;0.00;180.00;180.00;0.00;0.00;Приход;Упрощенная Доход.
05.02.2020 09:07;0000002465048694;9283440300095859;2168774316;14156;90.00;0.00;0.00;0.00;0.00;90.00;90.00;0.00;0.00;Приход;Упрощенная Доход.
05.02.2020 09:06;0000002465048694;9283440300095859;1236072872;14155;180.00;0.00;0.00;0.00;180.00;0.00;180.00;0.00;0.00;Приход;Упрощенная Доход.
05.02.2020 09:06;0000002465048694;9283440300095859;3771474609;14154;75.00;0.00;0.00;0.00;0.00;75.00;75.00;0.00;0.00;Приход;Упрощенная Доход.
05.02.2020 09:05;0000002465048694;9283440300095859;2300679806;14153;270.00;0.00;0.00;0.00;0.00;270.00;270.00;0.00;0.00;Приход;Упрощенная Доход.
05.02.2020 09:03;0000002465048694;9283440300095859;3442643621;14152;150.00;0.00;0.00;0.00;0.00;150.00;150.00;0.00;0.00;Приход;Упрощенная Доход.
05.02.2020 09:01;0000002465048694;9283440300095859;2020186245;14151;180.00;0.00;0.00;0.00;0.00;180.00;180.00;0.00;0.00;Приход;Упрощенная Доход.
05.02.2020 08:57;0000002465048694;9283440300095859;652518652;14150;210.00;0.00;0.00;0.00;0.00;210.00;210.00;0.00;0.00;Приход;Упрощенная Доход.
05.02.2020 08:56;0000002465048694;9283440300095859;2706373148;14149;130.00;0.00;0.00;0.00;130.00;0.00;130.00;0.00;0.00;Приход;Упрощенная Доход.
05.02.2020 08:56;0000002465048694;9283440300095859;3656103081;14148;175.00;0.00;0.00;0.00;0.00;175.00;175.00;0.00;0.00;Приход;Упрощенная Доход.
05.02.2020 08:55;0000002465048694;9283440300095859;3903598339;14147;160.00;0.00;0.00;0.00;0.00;160.00;160.00;0.00;0.00;Приход;Упрощенная Доход.
05.02.2020 08:53;0000002465048694;9283440300095859;1800354897;14146;160.00;0.00;0.00;0.00;0.00;160.00;160.00;0.00;0.00;Приход;Упрощенная Доход.
05.02.2020 08:52;0000002465048694;9283440300095859;2799508755;14145;145.00;0.00;0.00;0.00;0.00;145.00;145.00;0.00;0.00;Приход;Упрощенная Доход.
05.02.2020 08:51;0000002465048694;9283440300095859;2806070509;14144;180.00;0.00;0.00;0.00;0.00;180.00;180.00;0.00;0.00;Приход;Упрощенная Доход.
05.02.2020 08:50;0000002465048694;9283440300095859;3105503619;14143;180.00;0.00;0.00;0.00;0.00;180.00;180.00;0.00;0.00;Приход;Упрощенная Доход.
05.02.2020 08:50;0000002465048694;9283440300095859;2216093244;14142;100.00;0.00;0.00;0.00;0.00;100.00;100.00;0.00;0.00;Приход;Упрощенная Доход.
05.02.2020 08:49;0000002465048694;9283440300095859;3009885470;14141;180.00;0.00;0.00;0.00;0.00;180.00;180.00;0.00;0.00;Приход;Упрощенная Доход.
05.02.2020 08:48;0000002465048694;9283440300095859;2290880764;14140;75.00;0.00;0.00;0.00;0.00;75.00;75.00;0.00;0.00;Приход;Упрощенная Доход.
05.02.2020 08:47;0000002465048694;9283440300095859;567842919;14139;235.00;0.00;0.00;0.00;0.00;235.00;235.00;0.00;0.00;Приход;Упрощенная Доход.
05.02.2020 08:45;0000002465048694;9283440300095859;792960199;14138;75.00;0.00;0.00;0.00;0.00;75.00;75.00;0.00;0.00;Приход;Упрощенная Доход.
04.02.2020 15:24;0000002465048694;9283440300095859;2890441024;14135;75.00;0.00;0.00;0.00;0.00;75.00;75.00;0.00;0.00;Приход;Упрощенная Доход.
04.02.2020 15:17;0000002465048694;9283440300095859;3171241176;14134;130.00;0.00;0.00;0.00;0.00;130.00;130.00;0.00;0.00;Приход;Упрощенная Доход.
04.02.2020 15:14;0000002465048694;9283440300095859;3248077333;14133;130.00;0.00;0.00;0.00;0.00;130.00;130.00;0.00;0.00;Приход;Упрощенная Доход.
04.02.2020 14:26;0000002465048694;9283440300095859;3939210519;14132;300.00;0.00;0.00;0.00;300.00;0.00;300.00;0.00;0.00;Приход;Упрощенная Доход.
04.02.2020 13:54;0000002465048694;9283440300095859;117236901;14131;60.00;0.00;0.00;0.00;0.00;60.00;60.00;0.00;0.00;Приход;Упрощенная Доход.
04.02.2020 13:44;0000002465048694;9283440300095859;1706063816;14130;160.00;0.00;0.00;0.00;0.00;160.00;160.00;0.00;0.00;Приход;Упрощенная Доход.
04.02.2020 12:49;0000002465048694;9283440300095859;314424919;14129;160.00;0.00;0.00;0.00;0.00;160.00;160.00;0.00;0.00;Приход;Упрощенная Доход.
04.02.2020 12:32;0000002465048694;9283440300095859;657216970;14128;190.00;0.00;0.00;0.00;0.00;190.00;190.00;0.00;0.00;Приход;Упрощенная Доход.
04.02.2020 11:52;0000002465048694;9283440300095859;2527012177;14127;130.00;0.00;0.00;0.00;0.00;130.00;130.00;0.00;0.00;Приход;Упрощенная Доход.
04.02.2020 11:31;0000002465048694;9283440300095859;968789617;14126;180.00;0.00;0.00;0.00;0.00;180.00;180.00;0.00;0.00;Приход;Упрощенная Доход.
04.02.2020 11:00;0000002465048694;9283440300095859;1740800601;14125;160.00;0.00;0.00;0.00;160.00;0.00;160.00;0.00;0.00;Приход;Упрощенная Доход.
04.02.2020 10:55;0000002465048694;9283440300095859;1685297475;14124;130.00;0.00;0.00;0.00;0.00;130.00;130.00;0.00;0.00;Приход;Упрощенная Доход.
04.02.2020 10:51;0000002465048694;9283440300095859;1571839562;14123;130.00;0.00;0.00;0.00;0.00;130.00;130.00;0.00;0.00;Приход;Упрощенная Доход.
04.02.2020 10:49;0000002465048694;9283440300095859;422213820;14122;100.00;0.00;0.00;0.00;0.00;100.00;100.00;0.00;0.00;Приход;Упрощенная Доход.
04.02.2020 10:49;0000002465048694;9283440300095859;3818312592;14121;250.00;0.00;0.00;0.00;0.00;250.00;250.00;0.00;0.00;Приход;Упрощенная Доход.
04.02.2020 10:30;0000002465048694;9283440300095859;2747172374;14120;130.00;0.00;0.00;0.00;0.00;130.00;130.00;0.00;0.00;Приход;Упрощенная Доход.
04.02.2020 10:25;0000002465048694;9283440300095859;1044705016;14119;180.00;0.00;0.00;0.00;0.00;180.00;180.00;0.00;0.00;Приход;Упрощенная Доход.
04.02.2020 10:24;0000002465048694;9283440300095859;1088305153;14118;140.00;0.00;0.00;0.00;0.00;140.00;140.00;0.00;0.00;Приход;Упрощенная Доход.
04.02.2020 10:22;0000002465048694;9283440300095859;71732373;14117;75.00;0.00;0.00;0.00;0.00;75.00;75.00;0.00;0.00;Приход;Упрощенная Доход.
04.02.2020 10:18;0000002465048694;9283440300095859;1569562662;14116;130.00;0.00;0.00;0.00;0.00;130.00;130.00;0.00;0.00;Приход;Упрощенная Доход.
04.02.2020 10:17;0000002465048694;9283440300095859;2031970404;14115;90.00;0.00;0.00;0.00;0.00;90.00;90.00;0.00;0.00;Приход;Упрощенная Доход.
04.02.2020 10:05;0000002465048694;9283440300095859;2481014324;14114;160.00;0.00;0.00;0.00;0.00;160.00;160.00;0.00;0.00;Приход;Упрощенная Доход.
04.02.2020 10:01;0000002465048694;9283440300095859;679080410;14113;75.00;0.00;0.00;0.00;0.00;75.00;75.00;0.00;0.00;Приход;Упрощенная Доход.
04.02.2020 09:37;0000002465048694;9283440300095859;491072304;14112;105.00;0.00;0.00;0.00;0.00;105.00;105.00;0.00;0.00;Приход;Упрощенная Доход.
04.02.2020 09:32;0000002465048694;9283440300095859;1246752614;14111;90.00;0.00;0.00;0.00;0.00;90.00;90.00;0.00;0.00;Приход;Упрощенная Доход.
04.02.2020 09:31;0000002465048694;9283440300095859;1673762444;14110;165.00;0.00;0.00;0.00;0.00;165.00;165.00;0.00;0.00;Приход;Упрощенная Доход.
04.02.2020 09:28;0000002465048694;9283440300095859;2731018270;14109;195.00;0.00;0.00;0.00;0.00;195.00;195.00;0.00;0.00;Приход;Упрощенная Доход.
04.02.2020 09:24;0000002465048694;9283440300095859;1424131060;14108;75.00;0.00;0.00;0.00;0.00;75.00;75.00;0.00;0.00;Приход;Упрощенная Доход.
04.02.2020 09:23;0000002465048694;9283440300095859;2531428239;14107;90.00;0.00;0.00;0.00;0.00;90.00;90.00;0.00;0.00;Приход;Упрощенная Доход.
04.02.2020 09:20;0000002465048694;9283440300095859;2132833449;14106;175.00;0.00;0.00;0.00;0.00;175.00;175.00;0.00;0.00;Приход;Упрощенная Доход.
04.02.2020 09:17;0000002465048694;9283440300095859;2855983354;14105;230.00;0.00;0.00;0.00;0.00;230.00;230.00;0.00;0.00;Приход;Упрощенная Доход.
04.02.2020 09:16;0000002465048694;9283440300095859;2845240746;14104;130.00;0.00;0.00;0.00;0.00;130.00;130.00;0.00;0.00;Приход;Упрощенная Доход.
04.02.2020 09:14;0000002465048694;9283440300095859;617741877;14103;130.00;0.00;0.00;0.00;0.00;130.00;130.00;0.00;0.00;Приход;Упрощенная Доход.
04.02.2020 09:12;0000002465048694;9283440300095859;1960783563;14102;130.00;0.00;0.00;0.00;0.00;130.00;130.00;0.00;0.00;Приход;Упрощенная Доход.
04.02.2020 09:09;0000002465048694;9283440300095859;68801560;14101;75.00;0.00;0.00;0.00;0.00;75.00;75.00;0.00;0.00;Приход;Упрощенная Доход.
04.02.2020 09:06;0000002465048694;9283440300095859;3702354686;14100;280.00;0.00;0.00;0.00;0.00;280.00;280.00;0.00;0.00;Приход;Упрощенная Доход.
04.02.2020 09:03;0000002465048694;9283440300095859;4193633563;14099;180.00;0.00;0.00;0.00;0.00;180.00;180.00;0.00;0.00;Приход;Упрощенная Доход.
04.02.2020 09:03;0000002465048694;9283440300095859;3069865944;14098;145.00;0.00;0.00;0.00;0.00;145.00;145.00;0.00;0.00;Приход;Упрощенная Доход.
04.02.2020 09:01;0000002465048694;9283440300095859;1177706719;14097;280.00;0.00;0.00;0.00;0.00;280.00;280.00;0.00;0.00;Приход;Упрощенная Доход.
04.02.2020 09:00;0000002465048694;9283440300095859;4276408272;14096;130.00;0.00;0.00;0.00;0.00;130.00;130.00;0.00;0.00;Приход;Упрощенная Доход.
04.02.2020 08:57;0000002465048694;9283440300095859;2749191810;14095;210.00;0.00;0.00;0.00;0.00;210.00;210.00;0.00;0.00;Приход;Упрощенная Доход.
04.02.2020 08:55;0000002465048694;9283440300095859;1057443867;14094;270.00;0.00;0.00;0.00;0.00;270.00;270.00;0.00;0.00;Приход;Упрощенная Доход.
04.02.2020 08:55;0000002465048694;9283440300095859;267922300;14093;240.00;0.00;0.00;0.00;0.00;240.00;240.00;0.00;0.00;Приход;Упрощенная Доход.
04.02.2020 08:45;0000002465048694;9283440300095859;1160635161;14092;335.00;0.00;0.00;0.00;0.00;335.00;335.00;0.00;0.00;Приход;Упрощенная Доход.
04.02.2020 08:43;0000002465048694;9283440300095859;2749520960;14091;180.00;0.00;0.00;0.00;0.00;180.00;180.00;0.00;0.00;Приход;Упрощенная Доход.
04.02.2020 08:41;0000002465048694;9283440300095859;3258542334;14090;150.00;0.00;0.00;0.00;0.00;150.00;150.00;0.00;0.00;Приход;Упрощенная Доход.
04.02.2020 08:38;0000002465048694;9283440300095859;3924651028;14089;180.00;0.00;0.00;0.00;0.00;180.00;180.00;0.00;0.00;Приход;Упрощенная Доход.
04.02.2020 08:37;0000002465048694;9283440300095859;1035005731;14088;205.00;0.00;0.00;0.00;0.00;205.00;205.00;0.00;0.00;Приход;Упрощенная Доход.
04.02.2020 08:36;0000002465048694;9283440300095859;3216219774;14087;175.00;0.00;0.00;0.00;0.00;175.00;175.00;0.00;0.00;Приход;Упрощенная Доход.
04.02.2020 08:33;0000002465048694;9283440300095859;3979006303;14086;260.00;0.00;0.00;0.00;0.00;260.00;260.00;0.00;0.00;Приход;Упрощенная Доход.
04.02.2020 08:31;0000002465048694;9283440300095859;3771064974;14085;75.00;0.00;0.00;0.00;0.00;75.00;75.00;0.00;0.00;Приход;Упрощенная Доход.
04.02.2020 08:27;0000002465048694;9283440300095859;1513023514;14084;160.00;0.00;0.00;0.00;0.00;160.00;160.00;0.00;0.00;Приход;Упрощенная Доход.
04.02.2020 08:19;0000002465048694;9283440300095859;3522551685;14083;100.00;0.00;0.00;0.00;0.00;100.00;100.00;0.00;0.00;Приход;Упрощенная Доход.
03.02.2020 15:27;0000002465048694;9283440300095859;2238796287;14080;180.00;0.00;0.00;0.00;180.00;0.00;180.00;0.00;0.00;Приход;Упрощенная Доход.
03.02.2020 15:15;0000002465048694;9283440300095859;2049172000;14079;75.00;0.00;0.00;0.00;0.00;75.00;75.00;0.00;0.00;Приход;Упрощенная Доход.
03.02.2020 15:14;0000002465048694;9283440300095859;2769340327;14078;200.00;0.00;0.00;0.00;0.00;200.00;200.00;0.00;0.00;Приход;Упрощенная Доход.
03.02.2020 14:48;0000002465048694;9283440300095859;3516528298;14077;30.00;0.00;0.00;0.00;30.00;0.00;30.00;0.00;0.00;Приход;Упрощенная Доход.
03.02.2020 14:47;0000002465048694;9283440300095859;1965811980;14076;305.00;0.00;0.00;0.00;305.00;0.00;305.00;0.00;0.00;Приход;Упрощенная Доход.
03.02.2020 14:23;0000002465048694;9283440300095859;1815624899;14075;210.00;0.00;0.00;0.00;0.00;210.00;210.00;0.00;0.00;Приход;Упрощенная Доход.
03.02.2020 14:22;0000002465048694;9283440300095859;3649720439;14074;100.00;0.00;0.00;0.00;0.00;100.00;100.00;0.00;0.00;Приход;Упрощенная Доход.
03.02.2020 14:18;0000002465048694;9283440300095859;517161442;14073;100.00;0.00;0.00;0.00;0.00;100.00;100.00;0.00;0.00;Приход;Упрощенная Доход.
03.02.2020 14:18;0000002465048694;9283440300095859;3133144266;14072;200.00;0.00;0.00;0.00;0.00;200.00;200.00;0.00;0.00;Приход;Упрощенная Доход.
03.02.2020 14:16;0000002465048694;9283440300095859;4136050775;14071;130.00;0.00;0.00;0.00;0.00;130.00;130.00;0.00;0.00;Приход;Упрощенная Доход.
03.02.2020 13:34;0000002465048694;9283440300095859;4223557859;14070;130.00;0.00;0.00;0.00;130.00;0.00;130.00;0.00;0.00;Приход;Упрощенная Доход.
03.02.2020 13:22;0000002465048694;9283440300095859;359514789;14069;100.00;0.00;0.00;0.00;0.00;100.00;100.00;0.00;0.00;Приход;Упрощенная Доход.
03.02.2020 12:50;0000002465048694;9283440300095859;3849969583;14068;260.00;0.00;0.00;0.00;0.00;260.00;260.00;0.00;0.00;Приход;Упрощенная Доход.
03.02.2020 12:38;0000002465048694;9283440300095859;1435144244;14067;130.00;0.00;0.00;0.00;0.00;130.00;130.00;0.00;0.00;Приход;Упрощенная Доход.
03.02.2020 11:50;0000002465048694;9283440300095859;2825396476;14066;190.00;0.00;0.00;0.00;0.00;190.00;190.00;0.00;0.00;Приход;Упрощенная Доход.
03.02.2020 11:41;0000002465048694;9283440300095859;3310144705;14065;160.00;0.00;0.00;0.00;0.00;160.00;160.00;0.00;0.00;Приход;Упрощенная Доход.
03.02.2020 11:40;0000002465048694;9283440300095859;116031744;14064;60.00;0.00;0.00;0.00;0.00;60.00;60.00;0.00;0.00;Приход;Упрощенная Доход.
03.02.2020 11:37;0000002465048694;9283440300095859;1978738717;14063;150.00;0.00;0.00;0.00;0.00;150.00;150.00;0.00;0.00;Приход;Упрощенная Доход.
03.02.2020 11:35;0000002465048694;9283440300095859;3988203264;14062;160.00;0.00;0.00;0.00;0.00;160.00;160.00;0.00;0.00;Приход;Упрощенная Доход.
03.02.2020 11:34;0000002465048694;9283440300095859;2663484670;14061;160.00;0.00;0.00;0.00;0.00;160.00;160.00;0.00;0.00;Приход;Упрощенная Доход.
03.02.2020 11:30;0000002465048694;9283440300095859;2921944114;14060;335.00;0.00;0.00;0.00;0.00;335.00;335.00;0.00;0.00;Приход;Упрощенная Доход.
03.02.2020 11:27;0000002465048694;9283440300095859;4097939262;14059;100.00;0.00;0.00;0.00;0.00;100.00;100.00;0.00;0.00;Приход;Упрощенная Доход.
03.02.2020 11:23;0000002465048694;9283440300095859;2533168540;14058;60.00;0.00;0.00;0.00;0.00;60.00;60.00;0.00;0.00;Приход;Упрощенная Доход.
03.02.2020 11:09;0000002465048694;9283440300095859;2903138252;14057;160.00;0.00;0.00;0.00;0.00;160.00;160.00;0.00;0.00;Приход;Упрощенная Доход.
03.02.2020 11:07;0000002465048694;9283440300095859;1965680180;14056;75.00;0.00;0.00;0.00;0.00;75.00;75.00;0.00;0.00;Приход;Упрощенная Доход.
03.02.2020 11:00;0000002465048694;9283440300095859;1113281632;14055;120.00;0.00;0.00;0.00;0.00;120.00;120.00;0.00;0.00;Приход;Упрощенная Доход.
03.02.2020 10:43;0000002465048694;9283440300095859;136068662;14054;230.00;0.00;0.00;0.00;0.00;230.00;230.00;0.00;0.00;Приход;Упрощенная Доход.
03.02.2020 10:42;0000002465048694;9283440300095859;2117947003;14053;140.00;0.00;0.00;0.00;0.00;140.00;140.00;0.00;0.00;Приход;Упрощенная Доход.
03.02.2020 10:33;0000002465048694;9283440300095859;4081817444;14052;180.00;0.00;0.00;0.00;0.00;180.00;180.00;0.00;0.00;Приход;Упрощенная Доход.
03.02.2020 10:23;0000002465048694;9283440300095859;153480169;14051;100.00;0.00;0.00;0.00;0.00;100.00;100.00;0.00;0.00;Приход;Упрощенная Доход.
03.02.2020 10:14;0000002465048694;9283440300095859;2984817739;14050;180.00;0.00;0.00;0.00;0.00;180.00;180.00;0.00;0.00;Приход;Упрощенная Доход.
03.02.2020 10:05;0000002465048694;9283440300095859;1552650572;14049;305.00;0.00;0.00;0.00;0.00;305.00;305.00;0.00;0.00;Приход;Упрощенная Доход.
03.02.2020 10:04;0000002465048694;9283440300095859;824931787;14048;160.00;0.00;0.00;0.00;0.00;160.00;160.00;0.00;0.00;Приход;Упрощенная Доход.
03.02.2020 10:03;0000002465048694;9283440300095859;1436414309;14047;130.00;0.00;0.00;0.00;0.00;130.00;130.00;0.00;0.00;Приход;Упрощенная Доход.
03.02.2020 10:01;0000002465048694;9283440300095859;886101958;14046;130.00;0.00;0.00;0.00;0.00;130.00;130.00;0.00;0.00;Приход;Упрощенная Доход.
03.02.2020 09:52;0000002465048694;9283440300095859;1607565969;14045;60.00;0.00;0.00;0.00;0.00;60.00;60.00;0.00;0.00;Приход;Упрощенная Доход.
03.02.2020 09:51;0000002465048694;9283440300095859;477456935;14044;90.00;0.00;0.00;0.00;0.00;90.00;90.00;0.00;0.00;Приход;Упрощенная Доход.
03.02.2020 09:50;0000002465048694;9283440300095859;2599510624;14043;160.00;0.00;0.00;0.00;0.00;160.00;160.00;0.00;0.00;Приход;Упрощенная Доход.
03.02.2020 09:49;0000002465048694;9283440300095859;84629656;14042;205.00;0.00;0.00;0.00;0.00;205.00;205.00;0.00;0.00;Приход;Упрощенная Доход.
03.02.2020 09:48;0000002465048694;9283440300095859;2638663791;14041;160.00;0.00;0.00;0.00;0.00;160.00;160.00;0.00;0.00;Приход;Упрощенная Доход.
03.02.2020 09:47;0000002465048694;9283440300095859;2432769700;14040;75.00;0.00;0.00;0.00;0.00;75.00;75.00;0.00;0.00;Приход;Упрощенная Доход.
03.02.2020 09:46;0000002465048694;9283440300095859;2561261997;14039;175.00;0.00;0.00;0.00;0.00;175.00;175.00;0.00;0.00;Приход;Упрощенная Доход.
03.02.2020 09:44;0000002465048694;9283440300095859;1059545905;14038;260.00;0.00;0.00;0.00;0.00;260.00;260.00;0.00;0.00;Приход;Упрощенная Доход.
03.02.2020 09:43;0000002465048694;9283440300095859;618702748;14037;190.00;0.00;0.00;0.00;0.00;190.00;190.00;0.00;0.00;Приход;Упрощенная Доход.
03.02.2020 09:39;0000002465048694;9283440300095859;2288767767;14036;275.00;0.00;0.00;0.00;0.00;275.00;275.00;0.00;0.00;Приход;Упрощенная Доход.
03.02.2020 09:38;0000002465048694;9283440300095859;131377187;14035;195.00;0.00;0.00;0.00;0.00;195.00;195.00;0.00;0.00;Приход;Упрощенная Доход.
03.02.2020 09:36;0000002465048694;9283440300095859;3502022176;14034;160.00;0.00;0.00;0.00;0.00;160.00;160.00;0.00;0.00;Приход;Упрощенная Доход.
03.02.2020 09:33;0000002465048694;9283440300095859;3089397384;14033;100.00;0.00;0.00;0.00;0.00;100.00;100.00;0.00;0.00;Приход;Упрощенная Доход.
03.02.2020 09:33;0000002465048694;9283440300095859;2851535621;14032;90.00;0.00;0.00;0.00;0.00;90.00;90.00;0.00;0.00;Приход;Упрощенная Доход.
03.02.2020 09:31;0000002465048694;9283440300095859;4231641803;14031;165.00;0.00;0.00;0.00;0.00;165.00;165.00;0.00;0.00;Приход;Упрощенная Доход.
03.02.2020 09:30;0000002465048694;9283440300095859;3247819788;14030;160.00;0.00;0.00;0.00;0.00;160.00;160.00;0.00;0.00;Приход;Упрощенная Доход.
03.02.2020 09:29;0000002465048694;9283440300095859;1956671907;14029;75.00;0.00;0.00;0.00;0.00;75.00;75.00;0.00;0.00;Приход;Упрощенная Доход.
03.02.2020 09:21;0000002465048694;9283440300095859;2540056301;14028;130.00;0.00;0.00;0.00;0.00;130.00;130.00;0.00;0.00;Приход;Упрощенная Доход.
03.02.2020 09:17;0000002465048694;9283440300095859;1735908254;14027;320.00;0.00;0.00;0.00;0.00;320.00;320.00;0.00;0.00;Приход;Упрощенная Доход.
03.02.2020 09:05;0000002465048694;9283440300095859;56979236;14026;150.00;0.00;0.00;0.00;0.00;150.00;150.00;0.00;0.00;Приход;Упрощенная Доход.
03.02.2020 09:00;0000002465048694;9283440300095859;3088827492;14025;180.00;0.00;0.00;0.00;0.00;180.00;180.00;0.00;0.00;Приход;Упрощенная Доход.
03.02.2020 08:58;0000002465048694;9283440300095859;1098740486;14024;150.00;0.00;0.00;0.00;0.00;150.00;150.00;0.00;0.00;Приход;Упрощенная Доход.
03.02.2020 08:56;0000002465048694;9283440300095859;3570491418;14023;440.00;0.00;0.00;0.00;0.00;440.00;440.00;0.00;0.00;Приход;Упрощенная Доход.
03.02.2020 08:56;0000002465048694;9283440300095859;1464385460;14022;240.00;0.00;0.00;0.00;0.00;240.00;240.00;0.00;0.00;Приход;Упрощенная Доход.
03.02.2020 08:55;0000002465048694;9283440300095859;3815955218;14021;160.00;0.00;0.00;0.00;0.00;160.00;160.00;0.00;0.00;Приход;Упрощенная Доход.
03.02.2020 08:54;0000002465048694;9283440300095859;3701898557;14020;160.00;0.00;0.00;0.00;0.00;160.00;160.00;0.00;0.00;Приход;Упрощенная Доход.
03.02.2020 08:53;0000002465048694;9283440300095859;1299333377;14019;75.00;0.00;0.00;0.00;0.00;75.00;75.00;0.00;0.00;Приход;Упрощенная Доход.
03.02.2020 08:51;0000002465048694;9283440300095859;1004072835;14018;210.00;0.00;0.00;0.00;0.00;210.00;210.00;0.00;0.00;Приход;Упрощенная Доход.
03.02.2020 08:46;0000002465048694;9283440300095859;221094447;14017;75.00;0.00;0.00;0.00;0.00;75.00;75.00;0.00;0.00;Приход;Упрощенная Доход.
03.02.2020 08:46;0000002465048694;9283440300095859;882027826;14016;75.00;0.00;0.00;0.00;0.00;75.00;75.00;0.00;0.00;Приход;Упрощенная Доход.
03.02.2020 08:40;0000002465048694;9283440300095859;4243888541;14015;130.00;0.00;0.00;0.00;0.00;130.00;130.00;0.00;0.00;Приход;Упрощенная Доход.
